ACCT 115,Fin Accounting Foundations,1111
ACCT 116,Managrl Acctg Foundations,1111
ACCT 120,Accounting for New Ventures,0001
ACCT 321,Financial Reporting I,1111
ACCT 322,Financial Reporting II,1111
ACCT 323,Financial Reporting III,0010
ACCT 331,Cost Accounting,1110
ACCT 336,Intro Interntl Accounting,0010
ACCT 341,Principles of Auditing,1111
ACCT 352,Accounting Information Systems,1111
ACCT 355,Forensic Accounting,1000
AE 220,Introduction to HVAC,0101
AE 340,Arch Illum & Elect Sys,1010
AE 380,Special Tops Arch Engr,0100
AE 390,Arch Engr Design I,1010
AE 391,Arch Engr Design II,0101
AE 430,Control Systems for HVAC,0010
AFAS 101,Intro to Africana Studies,1111
AFAS 201,Cross Currents in AFAS,1010
AFAS 250,African American Herstories,0100
AFAS 295,Special Topics in AFAS,0100
AFAS 301,Politics of Hip Hop,0000
AFAS 310,"Women, Crime, & History",0000
AFAS 385,"Rum, Rice & Revolution",0000
AFAS 401,Urban Social Just Prac I,0000
AFAS 402,Urban Social Just Prac II,0000
ANAT 101,Anatomy & Physiology I,1100
ANAT 102,Anatomy & Physiology II,0110
ANAT 103,Anatomy & Physiology III,0011
ANAT 202,Sectional Anatomy,1101
ANAT 420,Advanced Anatomy I,1010
ANAT 421,Advanced Anatomy II,0101
ANTH 101,Cult Divers: Intro Cult Anthro,1111
ANTH 110,Hum Past: Anth/Prehis Arc,1111
ANTH 120,Bib Archaeology Isrl/Jord,0000
ANTH 210,Worldview: Sci/Rel/Magic,0000
ANTH 212,Topics in World Ethnography,1010
ANTH 215,Anthropology of Gender,1000
ANTH 220,Age In Cross-Cult Perspec,0000
ANTH 255,Psychological Anthropology,0100
ANTH 310,Soc In Tran: Mdrn & 3 Wld,1001
ANTH 312,Appr Intercultural Behvr,0101
ANTH 330,Media Anthropology,0000
ANTH 355,Anthropology of Cyberspace,0000
ANTH 360,Culture and the Environment,1000
ANTH 363,Sacred Traditions of the East,0100
ANTH 365,Family and Kinship,0010
ANTH 370,Ethnographic Methods,0010
ANTH 390,Seminar in Ethnography,0010
ANTH 410,Cultural Theory,0000
ARBC 101,Arabic I,1111
ARBC 102,Arabic II,1111
ARBC 103,Arabic III,1111
ARBC 201,Arabic IV,1111
ARBC 202,Arabic V,1111
ARBC 203,Arabic VI,1111
ARBC 301,Arabic VII,1111
ARBC 302,Arabic VIII,1111
ARBC 303,Arabic IX,1111
ARBC 411,Intro to Arabic Stylistics,1010
ARBC 471,Arabic Civilization,0100
ARBC 480,Arabic Minor Thesis Course,0000
ARCH 101,Studio 1-A,1000
ARCH 102,Studio 1-B,0100
ARCH 103,Studio 2-A,0010
ARCH 104,Studio 2-B,1000
ARCH 105,Studio 3-A,0100
ARCH 106,Studio 3-B,0010
ARCH 111,Studio 1-1,1100
ARCH 112,Studio 1-2,0110
ARCH 113,Studio 1-3,0011
ARCH 121,Studio 2-1,1000
ARCH 122,Studio 2-2,0100
ARCH 123,Studio 2-3,0010
ARCH 141,Architecture and Society I,1010
ARCH 142,Architecture and Society II,0101
ARCH 143,Architecture and Society III,1010
ARCH 150,Intro To CADD I,0001
ARCH 151,Architectural Drawing I,1000
ARCH 152,Architectural Drawing II,0110
ARCH 153,Intro to CADD II,0101
ARCH 155,Basic Architectural Drawing,1100
ARCH 156,Graphic Communications I,0111
ARCH 161,Architectural Construction,1010
ARCH 191,Studio 1-1,0101
ARCH 192,Studio 1-2,1010
ARCH 231,Studio 3-1,1000
ARCH 232,Studio 3-2,0100
ARCH 233,Studio 3-3,0010
ARCH 241,Studio 4-1,1000
ARCH 242,Studio 4-2,0100
ARCH 243,Studio 4-3,0010
ARCH 261,Environmental Systems I,1000
ARCH 262,Environmental Systems II,0110
ARCH 263,Environmental Systems III,0010
ARCH 321,General Lecture Series I,1000
ARCH 322,General Lecture Series II,0100
ARCH 336,Professional Practice II,0000
ARCH 341,Theories of Architecture I,1000
ARCH 342,Theories of Architecture II,0100
ARCH 343,Theories of Architecture III,0010
ARCH 344,History of Modern Movement I,1000
ARCH 345,History of Modern Movement II,0100
ARCH 346,History Philadelphia Arch,0001
ARCH 347,Summer Study Tour Abroad,0001
ARCH 348,Studies in Vernacular Arch,0010
ARCH 351,Studio 5-1,1000
ARCH 352,Studio 5-2,0100
ARCH 353,Studio 5-3,0010
ARCH 361,Studio 6-1,1000
ARCH 362,Studio 6-2,0100
ARCH 363,Studio 6-3,0010
ARCH 421,Enviro Psych & Desgn Thry,0001
ARCH 431,Architectural Programming,0011
ARCH 432,The Development Process,0010
ARCH 435,Management Seminar I,1000
ARCH 436,Management Seminar II,0100
ARCH 441,Urban Design Seminar I,1000
ARCH 442,Urban Design Seminar II,0100
ARCH 451,Advanced Drawing,0010
ARCH 455,Comp Appls Arch I,0000
ARCH 463,Emerging Architectural Tech,0001
ARCH 464,Building Enclosure Design,0001
ARCH 465,Energy and Architecture,0001
ARCH 496,Thesis I,1000
ARCH 497,Thesis II,0100
ARCH 498,Thesis III,0010
ARTH 101,Hist/Art: Ancient-Medieval,1101
ARTH 102,Hist/Art: High Ren-Modern,1111
ARTH 103,Hist Art- Erly/Late Modrn,1011
ARTH 300,History of Modern Design,1111
ARTH 301,Asian Art and Culture,1010
ARTH 302,Art of India,0100
ARTH 303,Art of China,0100
ARTH 304,Art of Japan,0010
ARTH 335,Hist Costume: Precl-Directoire,1010
ARTH 336,Hist Cstm-Directoire/Wwi,0101
ARTH 337,Hst Cstm: Post WWI/Pres,1000
ASA 351,Study Abroad Lit/Civ/Arts,1111
ASA 352,Study Abroad-Psyc/Socio,1111
ASA 353,Study Abroad-Hist/P Sci,1111
ASA 354,Study Abroad-Euro Union,1111
ASI 180,Interdiscip St Arts/Sci,0000
ASI 265,Spec Interdis St Arts/Sci,0000
BACS 100,Life-Span Human Development,1100
BACS 200,Found of Behavioral Hlth Care,1000
BACS 210,Behavioral Disorders,1100
BACS 220,Counseling Theory and Practice,1000
BACS 230,Genetics and Mental Health,0100
BACS 232,Ethics and Prof Responsibility,0110
BACS 234,Intro to Addictive Disorders,1110
BACS 236,Psychiatric Rehab Princ/Pract,1010
BACS 255,Multicultural Counseling,0110
BACS 301,Group Counseling I,1001
BACS 304,Cogn-Behavioral Counseling I,1000
BACS 310,Recovery/Relapse Prevention,0100
BACS 312,Case Management Methods,1010
BACS 320,Crisis and Brief Intervention,1000
BACS 325,Psychopharmacology for Counsel,0110
BACS 350,Child Psychopathology,1010
BACS 360,Preventing Substance Abuse,0011
BACS 367,Adv Counseling Intervention,1011
BACS 368,Addictions Counsel w/ Spec Pop,0100
BACS 370,Problem Gambling Interventions,1011
BACS 401,Assessment/Treatment Planning,0011
BACS 404,Cogn-Behavioral Counseling II,1100
BACS 405,Family-Focused Interventions,0110
BACS 410,Child and Adolescent Support,0011
BACS 411,Forensic Behavior Hlth Service,0110
BACS 412,Group Counseling II,0101
BACS 414,Co-Occurring Disorders,0011
BACS 420,Psychiatric Rehab Competencies,0110
BACS 490,Senior Research Project,0111
BACS 499,Readings in Behavioral Health,1111
BET 301,Healthcare Technology,0000
BET 302,Biomedical Electronics,0000
BET 303,Medical Imaging Systems,0000
BET 305,Clinical Laboratory Equipment,0000
BIO 100,"App Cells, Genetics & Phys",1010
BIO 101,"App Bio Diversity, Eco & Evol",0101
BIO 106,Bio III: Organismal Bio,0010
BIO 107,"Cells, Genetics & Physiology",1010
BIO 108,"Cells, Genetics & Phys Lab",1010
BIO 109,"Bio Diversity, Eco & Evol",0101
BIO 110,"Bio Diversity, Eco & Evol Lab",0101
BIO 118,Basics of Cancer,1001
BIO 122,Cells and Genetics,1010
BIO 124,Evolution & Organismal Div,0100
BIO 126,Physiology and Ecology,0010
BIO 141,Essential Biology,0011
BIO 161,General Biology I,1000
BIO 162,General Biology II,0100
BIO 163,General Biology III,0010
BIO 164,General Biology Lab I,0000
BIO 165,General Biology Lab II,0000
BIO 166,General Biology Lab III,0000
BIO 201,Human Physiology I,1010
BIO 202,Human Physiology Laboratory,1111
BIO 203,Human Physiology II,0101
BIO 212,Biotechnology,0010
BIO 214,Principles of Cell Biology,1010
BIO 215,Techniques in Cell Biology,0101
BIO 217,Evolution,1010
BIO 218,Principles of Molecular Bio,0101
BIO 219,Techniques in Molecular Bio,1111
BIO 220,Essential Microbiology,1101
BIO 221,Microbiology,1101
BIO 222,Microbiology Laboratory,1101
BIO 223,Parasitology,0100
BIO 224,"Form, Function & Evol of Verts",0111
BIO 225,Vertebrate Bio & Evolution Lab,0111
BIO 226,Microbiology for Health Prof'l,1011
BIO 231,Cell Physiology,0000
BIO 244,Genetics I,0101
BIO 254,Invertebrate Morph & Phys,0101
BIO 255,Invertebrate Morph & Phy Lab,0101
BIO 256,Vertebrate Morph & Phys,1000
BIO 264,Ethnobotany,0000
BIO 270,Development Biology,1010
BIO 271,Developmental Biology Lab,1010
BIO 284,Biology of Stress,0000
BIO 306,Biochemistry Laboratory,1111
BIO 310,Comparative Physiology,0000
BIO 311,Metabolism,1010
BIO 312,Genetically Modified Foods,0001
BIO 313,Comparative Physiology Lab,0000
BIO 314,Pharmacology,0101
BIO 318,Biology of Cancer,1010
BIO 320,Microbial Pathogenesis,0010
BIO 331,Bioinfomatics I,1000
BIO 332,Bioinformatics II,0100
BIO 333,Bioinformatics Laboratory,1000
BIO 346,Stem Cell Research,0000
BIO 368,Embryology,0001
BIO 370,Teratology,0010
BIO 386,Gross Anatomy,0101
BIO 387,Gross Anatomy Lab,0101
BIO 404,Struct/Funct of Biomolecules,1000
BIO 412,Biology of Aging,0000
BIO 413,Genomics,0000
BIO 415,Proteins,0010
BIO 420,Virology,0010
BIO 421,Biomembranes,0100
BIO 426,Immunology,1000
BIO 427,Immunology Lab,0000
BIO 430,Cell Biology of Disease,0001
BIO 433,Advanced Cell Biology,0100
BIO 434,Advanced Cell Biology Lab,0100
BIO 435,ImmunoBio of Disease,0100
BIO 444,Human Genetics,1010
BIO 445,Microbial Genetics,0000
BIO 447,Adv Genetics & Molecular Bio,0100
BIO 451,Genetic Reg Development,0000
BIO 462,Biology of Neuron Function,1000
BIO 463,Mol Mech of Neurodegeneration,0000
BIO 465,Neurobiology of Disease,0100
BIO 471,Seminar in Biological Sciences,1000
BIO 472,Seminar in Biological Science,0100
BIO 473,Seminar in Biological Science,0010
BIO 497,Research,1111
BLAW 201,Business Law I,1111
BLAW 202,Business Law II,1111
BLAW 321,Law of Business Organizations,0111
BLAW 330,Real Estate,0110
BLAW 334,Labor Law,0100
BLAW 338,Govt Regulation Business,0101
BLAW 340,International Business Law,1111
BLAW 342,Criminal Law,1011
BLAW 346,Entrepreneur Law,1011
BLAW 348,White Collar Crime,0111
BLAW 356,Legal Issues Corp Governance,0001
BLAW 358,Employment Law,1000
BLAW 360,Intellectual Prop/Cyber Law,0110
BLAW 481,Special Topics in Business Law,0000
BMES 125,Foundns of Biomed Engineering,1010
BMES 212,The Body Synthetic,0101
BMES 301,Lab I: Exp Biomechanics,1010
BMES 302,Lab II: Biomeasurements,1010
BMES 303,Lab III: Biomed Electronics,0101
BMES 304,Lab IV: Ultrasound Images,1010
BMES 305,Lab V:Musculoskel Anat for BME,1010
BMES 310,Biomedical Statistics,0101
BMES 315,Exp Design in Biomed Research,1010
BMES 325,Princ of Biomed Eng I,1010
BMES 326,Princ of Biomed Eng II,0101
BMES 335,Biomedical Informatics I,1000
BMES 336,Hosp & Pat Info/Informatics II,0100
BMES 338,Biomedical Ethics and Law,1010
BMES 340,Health Care Administration,0101
BMES 350,Med & Bio Effects Of Light,0101
BMES 372,Biosimulation,1010
BMES 375,Computational Bioengineering,0101
BMES 381,Junior Design Seminar I,1010
BMES 382,Junior Design Seminar II,0101
BMES 391,Biomedical Instrumentation I,1000
BMES 392,Biomedical Instrumentation II,0100
BMES 401,Biosensors I,1010
BMES 402,Biosensors II,0101
BMES 405,Physiological Control Systems,0101
BMES 409,Entrepreneurship for BMES,1111
BMES 411,Chronoengr I: Bio Rhythms,1010
BMES 412,Chronoengr II: Sleep Functions,0101
BMES 421,Biomed Imaging Sys. I: Images,1000
BMES 422,Biomed Imaging Systems II,0100
BMES 423,Biomed Imaging Systems III,0010
BMES 430,Neur Asp of Posture & Locomot,1010
BMES 432,Biomed Systems and Signals,1000
BMES 440,Introduction to Biodynamics,1000
BMES 441,Biomechanics I:,1000
BMES 442,Biomechanics II,0100
BMES 443,Biomechanics III,0010
BMES 444,Biofluid Mechanics,0010
BMES 451,Trans. Phenomena in Living Sys,1101
BMES 460,Biomaterials I,1000
BMES 461,Biomaterials II,0100
BMES 471,Tissue Engineering I,1000
BMES 472,Tissue Engineering II,0100
BMES 475,Biomaterials & Tissue Engr III,0010
BMES 477,Neuroengineering I,0100
BMES 478,Neuroengineering II,0010
BMES 483,Quantitative Systems Biology,0100
BMES 484,Genome Information Engineering,0010
BMES 488,Medical Device Development,0010
BMES 491,Senior Design Project I,1000
BMES 492,Senior Design Project II,0100
BMES 493,Senior Design Project III,0010
BMES 494,Clinical Practicum I,1000
BMES 495,Clinical Practicum II,0100
BMES 496,Clinical Practicum III,0010
BUSN 101,Foundations of Business I,1110
BUSN 102,Foundations of Business II,1111
BUSN 103,Adv First Year Busn Seminar,1111
BUSN 104,Career Mgmt for Non Co-op Stud,0100
BUSN 111,Foundations for Business,1111
BUSN 301,Acct & Fin for Nonfinan Prfnls,1000
BUSN 451,Business Consulting,1111
BUSN 481,Special Topics in Business,0100
BUSN 498,Special Topics in Gen Business,0010
CAE 491,Senior Design Project I,1000
CAE 492,Senior Design Project II,0100
CAE 493,Senior Design Project III,0010
CAEE 201,Intro to Infrastructure Engr,1010
CAEE 210,Measurements in CAE Engr I,0101
CAEE 211,Measurements in CAE Engr II,0101
CAT 200,Strategies: Lifelong Learning,1111
CAT 201,Interpersonal Communication,1111
CAT 301,Project Management,1101
CAT 302,Cust Service Theory & Practice,1101
CAT 303,Client Relations Management,1010
CAT 360,Appl Organizational Research,1100
CAT 491,Senior Project CAT I,0110
CAT 492,Senior Project CAT II,0010
CHE 201,Process Material Balances,1010
CHE 202,Process Energy Balances,0101
CHE 206,Basic Chem Eng Thermodynamics,0101
CHE 250,Chem Engr Process Principles,0000
CHE 301,Process Thermodynamics,1010
CHE 302,Process Fluid Mechanics,0101
CHE 303,Process Heat Transfer,1010
CHE 304,Process Mass Transfer,0101
CHE 305,Process Separations,1010
CHE 307,Process Modeling I,1010
CHE 308,Process Modeling II,0101
CHE 310,Transport Phenomena,0000
CHE 311,Fluid Flow and Transport,0000
CHE 332,Chem Engr Lab I,0101
CHE 333,Chemical Engineering Lab II,1010
CHE 334,Chemical Engineering Lab III,0101
CHE 335,Statistics &Design Experiments,0101
CHE 360,BioProcess Principles,0100
CHE 420,Process Systems Engineering,1000
CHE 424,Chem Kinetics & Reactor Design,1000
CHE 450,Chemical Process Industries,0100
CHE 451,Safety Engineering,0010
CHE 452,Polymer Process Technology,0010
CHE 460,Biochemical Engineering,0000
CHE 481,Process Design I,1000
CHE 482,Process Design II,0100
CHE 483,Process Design III,0010
CHEC 352,Phys Chem & Apps II,1110
CHEC 353,Phys Chem & Apps III,0111
CHEM 050,Preparatory Chemistry,0001
CHEM 101,General Chemistry I,1101
CHEM 102,General Chemistry II,0110
CHEM 103,General Chemistry III,1110
CHEM 108,Health Chemistry I,1000
CHEM 111,General Chemistry I,1000
CHEM 112,General Chemistry II,0100
CHEM 113,General Chemistry I Laboratory,1000
CHEM 151,Applied Chemistry,1111
CHEM 161,General Chemistry I,1011
CHEM 162,General Chemistry II,1101
CHEM 163,General Chemistry III,0011
CHEM 164,General Chemistry Laboratory I,0011
CHEM 165,General Chem Lab II,0011
CHEM 201,Why Things Work: Everyday Chem,0010
CHEM 230,Quantitative Analysis,1011
CHEM 231,Quant Analysis Laboratory,1011
CHEM 241,Organic Chemistry I,1011
CHEM 242,Organic Chemistry II,1101
CHEM 243,Organic Chemistry III,1110
CHEM 244,Organic Chemistry Laboratory I,1111
CHEM 245,Organic Chem Lab II,1111
CHEM 252,Physical Chemistry I,1100
CHEM 253,Thermodynamics & Kinetics,1000
CHEM 270,Software Skills for Chemists,0100
CHEM 346,Qualitative Organic Chemistry,1000
CHEM 355,Physical Chemistry IV,1000
CHEM 356,Physical Chemistry Lab,1010
CHEM 357,Physical Chemistry Lab I,0100
CHEM 358,Physical Chemistry Lab II,1010
CHEM 359,Atomic/Molecular Spectroscopy,0100
CHEM 364,Spectroscopic Analysis,1000
CHEM 367,Chemical Information Retrieval,1000
CHEM 420,Mol Sym & Grp Theory/ Chem,0100
CHEM 421,Inorganic Chemistry I,1000
CHEM 422,Inorganic Chemistry II,0010
CHEM 425,Inorganic Chemistry Lab,0010
CHEM 430,Analytical Chemistry I,1000
CHEM 431,Analytical Chemistry II,0100
CHEM 465,Synthetic Polymer Chemistry,1000
CHEM 466,Physical Chemistry of Polymers,0100
CHEM 493,Senior Research Project,1111
CHEM 497,Research,1111
CHIN 101,Chinese I,1111
CHIN 102,Chinese II,1111
CHIN 103,Chinese III,1111
CHIN 201,Chinese IV,1111
CHIN 202,Chinese V,1111
CHIN 203,Chinese VI: Convers & Comp,1111
CHIN 301,Chinese VII,1111
CHIN 302,Chinese VIII,1111
CHIN 303,Chinese lX,1111
CHIN 411,Intro Chinese Stylistics,1000
CHIN 431,Intro Chinese Literature,0100
CHIN 451,Intro Bus & Prof Chinese,0010
CHIN 480,Chinese Minor Thesis Course,0000
CIVE 240,Engineering Economic Analysis,1110
CIVE 250,Construction Materials,0101
CIVE 251,Engineering Surveying,1000
CIVE 261,Mater & Struct Behavior I,1000
CIVE 262,Materls & Struct Behvr II,0100
CIVE 263,Materls & Struc Behav III,0010
CIVE 300,Theory of Structures I,1010
CIVE 301,Theory of Structures II,0101
CIVE 310,Soil Mechanics I,1010
CIVE 320,Introduction to Fluid Flow,1010
CIVE 330,Hydraulics,0101
CIVE 341,Municipal Water Facilities,0000
CIVE 370,Intro To Struc Analysis,1010
CIVE 371,Intro Structural Design,0101
CIVE 372,Structural Laboratory,0101
CIVE 375,Structural Material Behavior,0101
CIVE 400,Structural Design I,1000
CIVE 401,Structural Design II,0100
CIVE 402,Structural Design III,0010
CIVE 410,Foundation Engineering,0101
CIVE 420,Water and Waste Treatment I,0000
CIVE 430,Hydrology,1010
CIVE 431,Hydrology-Ground Water,0100
CIVE 432,Water Resources Design,0000
CIVE 477,Seminar,1000
CIVE 478,Seminar,0100
CJ 204,Criminology,1111
CJ 206,Criminal Justice,1111
CJ 265,Criminal Investigation,0100
CJ 266,Crime Prevention Planning,0000
CJ 267,Intro to Security Studies,0000
CJ 273,"Surveillance, Tech & the Law",0000
CJ 274,"Sex,Violence & Crime-Internet",0000
CJ 275,Issues in Domestic Violence,0000
CJ 276,Introduction to Computer Crime,0000
CJ 277,Intro-Correctional Practices,0000
CJ 278,Intro to Law Enforcement,1010
CJ 280,Communities and Crime,0000
CJ 282,Community Policing,0000
CJ 289,Terrorism,0001
CJ 360,Juvenile Justice,0100
CJ 362,"Gender, Crime & Justice",0100
CJ 364,Community Corrections,0000
CJ 365,Comp Investigation & the Law,0000
CJ 372,Death Penalty,0010
CJ 373,Environmental Crimes,0000
CJ 374,Restorative Justice,1000
CJ 375,Criminal Procedure,1000
CJ 376,Sentencing,0100
CJ 377,Intellectual Property Theft,0000
CJ 378,Science of Forensic Science,1010
CJ 379,Forensic DNA Analysis,0100
CJ 381,Legal Research & Writing I,0000
CJ 382,Legal Research & Writing II,0000
CJ 390,Internship in Criminal Justice,1000
CJ 400,Critical Issues in CJ,0010
CMGT 101,Intro to Construction Mgmt,1100
CMGT 161,Bldg Mtls & Constr Mthds I,1000
CMGT 162,Bldg Mtls & Constr Mthds II,0100
CMGT 163,Bldg Mtls & Constr Mthds III,0010
CMGT 261,Construction Safety,1100
CMGT 262,Building Codes,0110
CMGT 263,Understdg Construction Drwgs,1010
CMGT 264,Const Mgmt of Field Operations,0110
CMGT 265,Info Technologies in Constrctn,1000
CMGT 266,Building Systems I,1000
CMGT 267,Building Systems II,0100
CMGT 361,Contracts And Specifications I,1010
CMGT 362,Contracts & Specs II,1100
CMGT 363,Estimating I,1010
CMGT 364,Estimating II,1100
CMGT 365,Soil Mechanics in Construction,1100
CMGT 371,Struct Aspects in Construct I,1100
CMGT 372,Struct Aspects in Constr II,0110
CMGT 451,Heavy Constr Principles & Prac,0100
CMGT 461,Construction Management I,0110
CMGT 463,Value Engineering I,1010
CMGT 465,Marketing Construct Services,0010
CMGT 467,Techniques of Project Control,1100
CMGT 468,Real Estate,0000
CMGT 469,Constr Seminar: Contemp Issues,0000
COM 101,Human Communication,1000
COM 111,Principles of Communication,1111
COM 150,Mass Media and Society,1111
COM 210,Theory/Models Of Commun,1111
COM 220,Qualitative Research Methods,1111
COM 230,Techniques of Speaking,1111
COM 240,New Technol In Commun,1111
COM 260,Fundamentals of Journalism,1111
COM 265,Radio Journalism,0000
COM 270,Business Communication,1111
COM 280,Public Relations,1111
COM 281,Advanced Public Relations,1100
COM 282,Public Relations Writing,0010
COM 290,Sports and the Mass Media,1000
COM 300,On-Line Journalism,0000
COM 305,Sports Journalism,0000
COM 310,Technical Communication,1111
COM 311,Dynamics of Interpersonal Com,0000
COM 315,Advanced Journalism,0000
COM 316,Campaigns for Health & Envrmt,0000
COM 317,Environmental Communication,0000
COM 318,Film/Celeb/Environmental Movt,0000
COM 320,Science Writing,0010
COM 325,Cultural Significance of Fame,0000
COM 330,Professional Presentations,1111
COM 335,Electronic Publishing,1101
COM 340,Desktop Publishing,1010
COM 342,English Worldwide,0100
COM 345,Intercultural Communication,0010
COM 350,Message Design and Evaluation,0010
COM 351,Computer Mediated Comm,0100
COM 355,Ethnography of Communication,0110
COM 360,International Communication,1000
COM 362,International Negotiations,0100
COM 363,Event Planning,1000
COM 365,Journalists: Courts & the Law,0000
COM 370,Advanced Business Writing,1001
COM 375,Grant Writing,1001
COM 385,Media Effects,0101
COM 390,Global Journalism,0000
COM 400,Seminar in Communication,1111
COM 410,Advanced Technical Writing,0000
COM 420,Technical Editing,0010
COM 491,Sr Project Commun I,1111
COM 492,Sr Project In Commun II,1111
CRTV 301,Foundations in Creativity,1000
CRTV 302,Tools & Techniqs in Creativity,0100
CRTV 303,Creativity in the Workplace,0110
CS 121,Computation Lab I,1101
CS 122,Computation Lab II,0111
CS 123,Computation Lab III,1011
CS 130,Prog Concepts 3D Animation,1000
CS 131,Computer Programming A,1110
CS 132,Computer Programming B,0111
CS 133,Computer Programming C,0000
CS 161,Introduction to Computing,1111
CS 164,Intro to Computer Science,1000
CS 171,Computer Programming I,1110
CS 172,Computer Programming II,0111
CS 190,Selected Computer Language,0100
CS 203,Programming for Engineers,0000
CS 204,Adv Programming for Engineers,1111
CS 260,Data Structures,0101
CS 265,Adv Programing Techniques,1010
CS 270,Math Foundations of Comp Sci,1010
CS 280,Special Topics in Comp Sci,0000
CS 281,Systems Architecture I,1010
CS 282,Systems Architecture II,0101
CS 283,Systems Programming,0000
CS 300,Applied Symbolic Computation,1000
CS 303,Alg Number Theory & Crypto,0010
CS 337,Human-Computer Interaction,1000
CS 338,Graphical User Interfaces,0101
CS 345,Computer Game Design & Develop,0101
CS 350,Software Design,1010
CS 360,Programming Language Concepts,0101
CS 361,Concurrent Programming,1010
CS 365,System Administration,0001
CS 370,Operating Systems,0101
CS 380,Artificial Intelligence,1010
CS 430,Computer Graphics,1110
CS 431,Advanced Rendering Techniques,0010
CS 432,Interactive Computer Graphics,0100
CS 435,Computational Photography,0100
CS 440,Theory of Computation,0010
CS 441,Compiler Workshop I,0000
CS 442,Compiler Workshop II,0000
CS 445,Topics in Computer Gaming,0100
CS 451,Software Engineering,0101
CS 457,Data Structures & Algorithms I,1000
CS 458,Data Structures&Algorithms II,0100
CS 461,Database Systems,0101
CS 470,Operating Systems Workshop,0000
CS 472,Computer Networks,1010
CS 475,Computer and Network Security,0100
CS 476,High Performance Computing,0000
CS 481,Adv Artificial Intelligence,0100
CS 485,Special Topics in AI,0011
CS 491,Software Eng Workshop I,1000
CS 492,Software Eng Workshop II,0100
CS 493,Software Eng Workshop III,0010
CT 100,Microcomputer Hardware,1010
CT 120,Microcomputer Operating System,1101
CT 140,Network Administration I,1110
CT 200,Server I,1110
CT 210,Linux I,1001
CT 212,Computer Forensics,1110
CT 213,Forensic Data Recovery Tech,0000
CT 220,Database I,1101
CT 222,Security and Info Warfare,0110
CT 225,Data Mining Tech for Security,0000
CT 230,Web Development I,1100
CT 240,Web Development II,1110
CT 290,Client Side Programming,1110
CT 295,Public Key Infrastructure Tech,1000
CT 300,Sec Tech Models & Arch I,0110
CT 310,Linux II,1100
CT 312,Access Cntrl & Intrusion Tech,1111
CT 315,Security Management Practice,1111
CT 320,Server II,1110
CT 325,OS Security Architecture I,1110
CT 326,OS Security Architecture II,0001
CT 330,Network Administration II,0110
CT 336,IP Security & VPN Technology,0110
CT 340,Operating Sys Arch I,0111
CT 350,Network Administration III,0011
CT 355,Wireless Network Security Tech,1000
CT 360,Operating Sys Arch II,1111
CT 362,Network Auditing Tools,0110
CT 370,OO Systems Analysis,1110
CT 375,Database II,1111
CT 380,Operating Sys Arch III,1111
CT 382,Applied Cryptography,0100
CT 385,Web Development III,0110
CT 388,Topics Computing Technology I,0000
CT 389,Topics Computing Technology II,0000
CT 390,Server Side Programming,0111
CT 392,Web Development IV,0000
CT 393,IT Security Risk Assessment,1011
CT 395,IT Security I,1111
CT 400,Network Security,1011
CT 402,Network Security II,1101
CT 405,Enterprise Programming,0011
CT 407,Network Security III,0000
CT 410,Linux III,1110
CT 412,IT Security Policies,0011
CT 415,Disaster Recovery,1011
CT 420,IT Security II,1110
CT 422,Incident Response Best Prac,1101
CT 425,Database III,0111
CT 427,E-Commerce & Web Security Tech,0000
CT 430,Database IV,0000
CT 431,Project Management,0111
CT 432,IT Security Systems Audits,0011
CT 435,Database V,0000
CT 438,Database VI,0000
CT 472,Sec Defense Countermeasures,0110
CT 491,Senior Project I,1111
CT 496,Senior Project II,1011
CULA 115,Culinary Fundamentals,0110
CULA 120,Techniques & Traditions I,0010
CULA 121,Techniques & Traditions II,1000
CULA 125,Found of Professional Baking,1000
CULA 216,A la Carte,0010
CULA 220,Patisserie I,0010
CULA 225,Patisserie II,1000
CULA 226,Patisserie III,0000
CULA 235,Prof Dining Rm Mgmt,0010
CULA 240,Fund of Chinese Cuisine,0000
CULA 290,Culinary Arts Practicum I,0001
CULA 291,Culinary Arts Practicum II,0001
CULA 300,Fund of Vegetarian Cuisine,0001
CULA 305,Fund of Italian Cuisine,0001
CULA 306,Advanced Italian Cuisine,1000
CULA 310,Fund of French Cuisine,1000
CULA 311,Advanced French Cuisine,0000
CULA 315,Fund of American Cuisine,0100
CULA 316,Butchery Lab,1000
CULA 320,Advanced Culinary Studio,0100
CULA 325,Garde Manger Lab,0100
CULA 330,Charcuterie,0100
CULA 335,Fund of Indian Cuisine,0000
CULA 405,Culture and Gastronomy I,1000
CULA 410,Culture and Gastronomy II,0100
CULA 412,Food Writing,0010
CULA 415,Food Styling & Photography,1000
CULA 420,Senior Design Project,0010
CULA 425,The Kitchen Garden: Spring,0010
CULA 426,The Kitchen Garden: Summer,0001
CULA 427,The Kitchen Garden: Fall,1000
CUST 380,Spec Top Customer Oper,0000
CUST 401,Cust Serv Pract I,0000
CUST 402,Cust Serv Pract II,0000
CUST 403,Cust Serv Pract III,0000
DANC 100,Survey of Dance Studies,0001
DANC 131,Dance Practicum-Performance,1111
DANC 132,Dance Practicum-Production,1110
DANC 133,Dance Practicum-Choreography,1110
DANC 140,Ballet Technique I,1111
DANC 141,Ballet Technique II,1110
DANC 150,Modern Dance Technique I,1100
DANC 151,Modern Dance Technique II,1111
DANC 160,Jazz Dance Technique I,1111
DANC 161,Jazz Dance Technique II,1010
DANC 170,Hip-Hop Dance Technique I,1110
DANC 180,Dance Improvisation,1000
DANC 201,Dance Appreciation,0010
DANC 210,Introduction to Dance,0010
DANC 225,Dance Repertory,0001
DANC 230,Survey of Dance/Movement Thrpy,0100
DANC 240,Dance Composition I,0100
DANC 241,Dance Composition II,0010
DANC 260,Injury Prevention for Dance,0001
DANC 310,Dance Aesthetics & Criticism,0001
DANC 325,Twentieth Century Dance,1000
DANC 330,Intro to Laban Movement Analys,1000
DANC 340,Dance Pedagogy,0010
DANC 355,Rhythmic Study for Dance,0100
DIGM 100,Digital Design Tools,1111
DIGM 105,Overview of Digital Media,1000
DIGM 110,Digital Spatial Visualization,0111
DIGM 141,Computer Graphic Imagery,0011
DIGM 211,Computer Animation I,1000
DIGM 212,Computer Animation II,0110
DIGM 215,History of Animation,0100
DIGM 220,Digital Still Imaging I,1110
DIGM 221,Digital Still Imaging II,0110
DIGM 240,Web Authoring I,1100
DIGM 241,Vector Authoring I,0101
DIGM 242,Vector Authoring II,0010
DIGM 243,Web Authoring II,0001
DIGM 250,Professional Practices,0001
DIGM 252,Multimedia Timeline Design,1000
DIGM 260,Overview of Computer Gaming,1010
DIGM 265,Game Development: Scripting,0001
DIGM 281,Interactive TV DVD-ROM,0000
DIGM 302,Art/Techniques Dgtl Compositg,0110
DIGM 314,Character Animation I,1000
DIGM 315,Character Animation II,0100
DIGM 331,Concept Design,1000
DIGM 345,Game Development: Foundations,0100
DIGM 350,Digital Storytelling,1011
DIGM 361,Computer Gaming Workshop I,1000
DIGM 362,Computer Gaming Workshop II,0100
DIGM 388,Spatial Data Capture,0001
DIGM 410,Visual Effects,0100
DIGM 411,Advanced Animation,1000
DIGM 445,Adv Hybrid Interactivity,1000
DIGM 448,Web Development: Workshop I,0010
DIGM 449,Vector Authoring III,0100
DIGM 451,Explorations in New Media,1010
DIGM 475,Seminar:Future Digital Media,0010
DIGM 482,Tech Direct for Anim,0000
DIGM 492,Sr Proj I - Dig Media,1000
DIGM 493,Sr Proj II - Dig Media,0110
DIGM 494,DIGM Sr Proj III,0010
DSMR 201,Analysis of Product,0010
DSMR 205,Merchandising Through Tech,1000
DSMR 210,Presentation Techniques DSMR,1111
DSMR 211,Computer Dsgn for Dsgn&Mrchnds,1111
DSMR 230,Textiles for Design & Merch,1110
DSMR 231,Retail Principles,1110
DSMR 232,Retail Merchandise Planning,0111
DSMR 233,Retail Image Analysis,0001
DSMR 305,Merch Management Tech,0001
DSMR 309,Color & Trend Forecasting,0001
DSMR 310,Computer Integ Merch Mgmt,1111
DSMR 311,Visual Merchandising,1111
DSMR 312,Visual Merchandising II,0010
DSMR 313,International Fashion Merch,0001
DSMR 314,Visual Merchandising III,1000
DSMR 315,Media Merchandising I,1000
DSMR 316,Media Merchandising II,0100
DSMR 317,Media Merchandising III,0100
DSMR 318,Music Merchandising,1000
DSMR 320,Merchandising/Design Direction,0010
DSMR 321,Fashion Show Production I,0100
DSMR 322,Fashion Show Production II,0010
DSMR 324,Retail Directions,0010
DSMR 325,Retail Buying & Assort Strat,0010
DSMR 326,Fashion Product Promotion,0101
DSMR 410,Career Strategies for D & M,1000
DSMR 411,D & M Portfolio Design,0100
DSMR 433,Fashion Product Development,1011
DSMR 434,Fashion Product Sourcing,0100
DSMR 477,Design & Merch Seminar,0101
DSMR 496,Senior Prob Desgn & Merch,1100
EAM 130,Overview of EAM,1000
EAM 211,Strategic Management for EAM,0010
EAM 261,Copyrights and Trademarks,0100
EAM 270,Audience Development for Arts,0100
EAM 301,Gallery and Collection Mgmt,0010
EAM 302,Exhibition Design,0010
EAM 312,Fund Dvlpmnt & Board Relations,0100
EAM 321,Box Office & Venue Management,0110
EAM 322,Perf Arts Touring & Promotion,0100
EAM 350,"Arts, Culture and Society",0010
EAM 361,Law for EAM Managers,0010
EAM 365,Media & Entertainment Business,0010
EAM 391,"Promotion, Press, & Publicity",1100
EAM 401,Writing for Arts Managers,1000
EAM 461,Entertainment Publishing,0100
EAM 465,Spec Top Enter & Arts Mgmt,1110
EAM 471,Fine Arts Market Development,1000
EAM 472,Trends in Visual Arts,0100
EAM 491,EAM Senior Project,1110
ECE 200,Digital Logic Design,1111
ECE 201,Electric Circuits,1111
ECE 203,Programming for Engineers,1111
ECE 211,Electrical Engr Principls,0110
ECE 212,Electrical Engr Princ Lab,0110
ECE 491,Senior Design Project I,1000
ECE 492,Senior Design Project II,0100
ECE 493,Senior Design Project III,0010
ECEC 301,Adv Programming for Engineers,1010
ECEC 302,Digital Systems Projects,1010
ECEC 304,Design with Microcontrollers,0101
ECEC 352,Secure Comput Sys: Desn Conc,1010
ECEC 353,Systems Programming,0101
ECEC 355,Computer Architecture,0101
ECEC 356,Embedded Systems,0101
ECEC 357,Intro to Computer Networks,1010
ECEC 411,Computer Hardware,1000
ECEC 412,Modern Processor Design,1000
ECEC 413,Intro to Parallel Comp Arch,0100
ECEC 414,High Performance Computing,0010
ECEC 421,Intro Operating Sys I,0100
ECEC 422,Intro Operating Sys II,0010
ECEC 431,Intro Computer Networks,1010
ECEC 432,Internet Arch and Protocols,0100
ECEC 433,Network Programming,0010
ECEC 441,Robot/Comp Intf & Cntl I,1000
ECEC 442,Robot/Comp Intf & Cntl II,0100
ECEC 443,Robot/Comp Intf & Cntl III,0010
ECEC 451,Computer Arithmetic,1000
ECEC 453,Image Processing Architecture,0100
ECEC 455,Intelligent Sys Architectures,0010
ECEC 457,Security in Computing,0100
ECEC 459,Testing of Hardware,0010
ECEC 471,Introduction to VLSI Design,1000
ECEC 472,VLSI Design & Automation,0100
ECEC 473,Modern VLSI IC Design,0010
ECEC 497,Research In Computer Engr,1111
ECEE 302,Electronic Devices,1010
ECEE 304,Electromag Fields & Waves,1010
ECEE 352,Analog Electronics,0101
ECEE 354,Intro Wireless/Optical Elect,0101
ECEE 421,Advanced Electronics I,1000
ECEE 422,Advanced Electronic Circuits I,0100
ECEE 423,Adv Electronic Circts II,0010
ECEE 434,Digital Electronics,0010
ECEE 441,Lightwave Engineering I,1000
ECEE 442,Lightwave Engineering II,0100
ECEE 443,Lightwave Engineering III,0010
ECEE 451,Electroacoustics,1000
ECEE 471,RF Components and Techniques,1000
ECEE 472,RF Electronics,0100
ECEE 473,Antennas and Radiating Systms,0010
ECEE 497,Research in Electrophysics,1111
ECEL 301,ECE Laboratory I,1011
ECEL 302,ECE Laboratory II,1101
ECEL 303,ECE Laboratory III,1110
ECEL 304,ECE Laboratory IV,0111
ECEP 352,Elec Motor Control Principles,0101
ECEP 354,Energy Management Principles,1010
ECEP 411,Power Systems I,1000
ECEP 412,Power Systems II,0100
ECEP 413,Power Systems III,0010
ECEP 421,Model Analy Elec Pwr Dist Sys,1000
ECEP 422,Pwr Distr Automation & Control,0100
ECEP 423,Service/Pwr Quality Distr Sys,0010
ECEP 431,Adv Electromag Energy Conv I,1000
ECEP 432,Adv Electromag Energy Conv II,0100
ECEP 441,Protective Relaying,1000
ECEP 451,Pwr Electronic Converter Fund,1000
ECEP 452,Exp Study Pwr Elect Converters,0100
ECEP 453,Appl of Power Elect Converters,0010
ECEP 461,High Voltage Laboratory,1000
ECEP 471,Power Seminar I,1000
ECEP 472,Power Seminar II,0100
ECEP 473,Power Seminar III,0010
ECEP 497,Research in Power Systems,1111
ECES 302,Transform Methods & Filtering,1111
ECES 304,Dynamic Systems and Stability,0101
ECES 306,Intro Modulation & Coding,1010
ECES 352,Intro Digital Signal Process,0101
ECES 354,"Wireless, Mob & Cellular Comm",0101
ECES 356,Theory of Control,1010
ECES 358,Computer Control Systems,0101
ECES 421,Communications I,1000
ECES 422,Communications II,0100
ECES 423,Communications III,0010
ECES 434,Deterministic Signal Processg,1000
ECES 435,Statistical Signal Processing,0100
ECES 436,Speech and Image Sig Interpret,0010
ECES 444,Systems and Control I,1000
ECES 445,Systems and Control II,0100
ECES 446,Systems and Control III,0010
ECES 497,Research In Systems Engr,1111
ECON 201,Principles of Microeconomics,1111
ECON 202,Principles of Macroeconomics,1111
ECON 240,Econ of Health Care Systems,1100
ECON 250,Game Theory and Applications,0100
ECON 301,Microeconomics,1110
ECON 321,Macroeconomics,1110
ECON 322,Economics Seminar,1110
ECON 326,Economic Ideas,0010
ECON 330,Managerial Economics,0010
ECON 334,Public Finance,0010
ECON 336,Labor Economics,0000
ECON 338,Industrial Organization,0100
ECON 342,Economic Development,0100
ECON 350,Applied Econometrics,1100
ECON 351,Resrc/Environmtl Econ,1101
EDGE 210,Geography Education,0010
EDGE 211,Geography Educ: Teacher Lab,0010
EDUC 101,Found in Educ I,1000
EDUC 102,Found in Educ II,0100
EDUC 105,Freshman Pedagogy Seminar,1110
EDUC 112,Integrative Instr: Wld Geog,0100
EDUC 114,Science Teaching Methods,0100
EDUC 115,Rsng about Nbrs/Qty,0000
EDUC 120,Child Development I,1000
EDUC 121,Child Development II,1000
EDUC 123,Adolescent Development,0000
EDUC 142,Special Education Foundations,0100
EDUC 205,Sophomore Pedagogy Seminar,1000
EDUC 210,Early Language Development,0100
EDUC 216,Diversity and Today's Teacher,1110
EDUC 217,Math Methods: E C,1000
EDUC 218,Math: Methods & Content,1000
EDUC 223,Tchg the M. Schl Chld,0000
EDUC 236,Early Literacy I,1000
EDUC 240,Prop Rsng in Mdl Schl,0000
EDUC 244,Inclus Prac for Excep Students,1000
EDUC 246,Literacy & Content Skill Devel,0110
EDUC 256,Teaching Writing Grades 4-8,0000
EDUC 257,C. Area Rdg 4-8,0000
EDUC 265,Instr. ELLs,1000
EDUC 284,Tchng Life Sci in MS,0000
EDUC 285,Tching Phys Sci in M. Schls,0000
EDUC 286,Tchg E & S Science MS,0000
EDUC 292,Sci Mthds for M Schl,0000
EDUC 301,Intro Person Sys Instr,0000
EDUC 302,Adv Sem In Person Sys Ins,0000
EDUC 305,Junior Pedagogy Seminar,1000
EDUC 306,Assessment of Young Children I,1000
EDUC 307,Assessment II,0100
EDUC 310,Computer Appl In Teaching,1000
EDUC 319,Teaching Secondary Mathematics,1000
EDUC 320,Prof Studies Instruction,0100
EDUC 321,Non-Field Prof Study in Instr,0100
EDUC 322,Evaluation of Instruction,1000
EDUC 323,Diagnostic Teaching,0000
EDUC 324,Current Rsrch Curric & Instruc,1000
EDUC 325,Multimedia Instruc Desgn,1010
EDUC 326,Language Arts Processes,1000
EDUC 327,Learning Disabilities,0000
EDUC 328,Language Arts Processes 4-8,0000
EDUC 335,Engaging the Learner,1000
EDUC 336,Early Literacy II,0100
EDUC 337,Learning Disabilities II,0000
EDUC 338,Expressive Arts for PK-4,1000
EDUC 347,Special Education Processes,0100
EDUC 348,Emotional & Behavioral Support,0100
EDUC 349,High Incident Disabilities,0100
EDUC 350,Low Incident Disabilities,0100
EDUC 351,Pervasive Develop Disorders,0100
EDUC 352,Int Tech for Learn & Achv,0100
EDUC 353,Spec Ed: Methods & Practices,1000
EDUC 355,S. Studies Methods,0100
EDUC 356,Secondary Social Stud Methods,0000
EDUC 405,Senior Pedagogy Seminar,1100
EDUC 410,Student Teaching,1100
EDUC 411,Family & Community,1000
EDUC 412,Student Teaching,0100
EDUC 414,Spec Ed: Field Placement Sem,0100
EDUC 416,Intro Mth Mthds (4-8),0000
EDUC 417,Adv. Math Tchg Mthds,0000
EDUC 428,Cult and Hist Sig of Math,0100
EDUC 432,Algebraic Reasoning,0000
EDUC 433,Functions MS,0000
EET 102,Intro to Applied Engr Tech,0000
EET 201,Circuit Analysis I,0100
EET 202,Circuit Analysis II,1000
EET 203,Non-Destructive Eval Materials,0100
EET 204,Intro to Nanotechnology,0100
EET 205,Digital Electronics with Lab,1000
EET 206,Analog Electronics I,0100
EET 307,Basic Power Systems I,0000
EET 311,Modeling of Engr Systems,1000
EET 313,Signals and Systems I,0100
EET 317,Analog Electronics II,0100
EET 319,PLC Fundamentals,1000
EET 322,Electrical Energy Conversion,0100
EET 323,Electrical Systems Design,1000
EET 324,Power Electronics,0000
EET 325,Microprocessors,1100
EET 401,Applied Microcontrollers,0100
EET 402,Control Engineering,0000
EET 404,Signals and Systems II,0000
EET 406,Communication Systems,0000
EET 407,Power Systems Fundamentals,0000
EET 409,Optical System Design,0000
EMER 210,Hazard Mitigation,1010
EMER 215,Public Mgt Crisis,1100
EMER 220,Emer Inc Risk Mgt,0010
EMER 225,Inf Disast Recov,0111
EMER 235,Public Information Strategies,0100
EMER 245,Search and Rescue,1001
EMS 101,Princ of Emergency Care I,0000
EMS 102,Princ of Emergency Care II,0000
EMS 103,Physical Examination,0000
EMS 104,Disease Process I,0000
EMS 105,Prehospital Issues,0000
EMS 107,Disease Process II,0000
EMS 110,EMT Field Practicum,0000
EMS 111,Introduction to Pharmacology,0000
EMS 112,Pharmacology I,0000
EMS 114,EMS Operations,0000
EMS 116,EKG Interpretation,0000
EMS 120,Prehospital Techniques,0000
EMS 125,Field Practicum I,0000
EMS 201,Clinical Concepts I,0000
EMS 202,Medical Intervention I,0000
EMS 203,Clinical Concepts II,0000
EMS 204,Medical Intervention II,0000
EMS 205,Instructional Issues,0000
EMS 206,Clinical Concepts III,0000
EMS 207,Trauma Interventions,0000
EMS 210,Management I,0000
EMS 226,Field Practicum II,0000
EMS 301,Management II,0000
EMS 302,Clinical Capstone,0000
EMS 305,Design of Instruc. Materials,0000
EMS 306,Concepts of Injury,0000
EMS 307,Critical Incident Stress Mgmt,1100
EMS 320,Accident Investigation,0000
EMS 325,Industrial Safety,0000
EMS 330,Special Topics in EMS III,0000
EMS 340,Haz Mat Response Implement,0000
EMS 345,Response to Terrorism,0000
EMS 346,Intro to EMS & Pub Saf Quality,0000
EMS 360,"Local, State & Fed Legis",0000
EMS 368,Practical Safety Services,0000
EMS 372,Incident Command for EMS,0000
EMS 380,Adv Physical Examination,0000
EMS 382,Pharmacology II,0000
EMS 390,Public Safety Data Mgmt,0000
EMS 401,Ind Study in EMS/Public Safety,0000
EMS 403,Instr & Metr for EMS & Pub Saf,0000
EMS 405,Planning & Fiscal Approaches,0000
EMS 410,Qual Mgmt & Six Sigma Integ,0000
EMS 425,Risk Management in Health Care,0000
EMS 430,Ldshp & Influence in Emer Serv,0000
EMS 435,Special Topics in EMS IV,0000
EMS 440,Research,0000
EMS 445,Org Comm Response in Disasters,0001
EMS 456,Internship I,0000
EMS 457,Internship II,0000
ENGL 101,Expository Writing and Reading,1111
ENGL 102,Persuasive Writing and Reading,1111
ENGL 103,Analytical Writing and Reading,1111
ENGL 105,Honors Freshman English,1111
ENGL 200,Classical to Medieval Lit,1001
ENGL 201,Renaissance to Enlightenment,0100
ENGL 202,Romanticism to Modernism,1001
ENGL 203,Post-Colonial Lit I,1010
ENGL 204,Post-Colonial Lit II,1010
ENGL 205,American Literature I,1001
ENGL 206,American Literature II,0101
ENGL 207,African American Literature,0000
ENGL 211,British Literature I,1010
ENGL 212,British Literature II,0101
ENGL 214,Readings in Fiction,1111
ENGL 215,Readings in Poetry,0101
ENGL 216,Readings in Drama,0001
ENGL 300,Literature & Science,0000
ENGL 302,Environmental Literature,0000
ENGL 303,Science Fiction,0000
ENGL 304,Young Adult Fiction,0010
ENGL 305,The Mystery Story,0000
ENGL 306,Literature of Baseball,0000
ENGL 307,Literature of the Holocausts,0010
ENGL 308,The Literature of Business,0000
ENGL 310,Period Studies,0000
ENGL 312,Research Project Development,0100
ENGL 315,Shakespeare,0000
ENGL 320,Major Authors,0000
ENGL 323,Literature and Other Arts,0000
ENGL 325,Topics in World Literature,0000
ENGL 330,The Bible as Literature,0000
ENGL 335,Mythology,0000
ENGL 345,American Ethnic Literature,0000
ENGL 350,Jewish Lit and Civilization,0000
ENGL 355,Women and Literature,0000
ENGL 360,Literature and Society,0000
ENGL 365,Topics in African Amer Lit,0000
ENGL 370,Topics in Lit and Medicine,0000
ENGL 470,Cap Sem in Medical Humanities,0000
ENGL 490,Seminar in Engl/Amer Lit,0000
ENGL 492,Seminar in World Literature,0000
ENGL 499,Senior Project in Literature,0010
ENGR 100,Beginning CAD for Design,1100
ENGR 101,Engineering Design Lab I,1100
ENGR 102,Engineering Design Lab II,0110
ENGR 103,Engineering Design Lab III,0010
ENGR 180,Special Topics in Engineering,0000
ENGR 201,Eval & Pres of Exper Data I,1010
ENGR 202,Eval & Pres of Exper Data II,0101
ENGR 210,Introduction to Thermodynamics,1101
ENGR 220,Fundamentals of Materials,1010
ENGR 231,Linear Engineering Systems,1111
ENGR 232,Dynamic Engineering Systems,1111
ENGR 280,Intro to Global Engineering,0000
ENGR 361,Stat Analysis of Engr Systems,1111
ENVE 300,Intro to Environmental Engr,1010
ENVE 302,Envr Trans & Kinetics,0101
ENVE 335,Industrial Safety,0000
ENVE 410,Solid and Hazardous Waste,0100
ENVE 421,Water and Waste Treatment II,0100
ENVE 422,Water/Waste Treatmnt Dsgn,0010
ENVE 435,Groundwater Remediation,0010
ENVE 450,Data-based Engr Modeling,0000
ENVE 455,Geographic Information Systems,1000
ENVE 460,Fund Air Poll Control,0000
ENVE 465,Indoor Air Quality,1000
ENVE 485,Professional Envr Eng Practice,1000
ENVE 486,Envr Engr Process Lab I,0100
ENVE 487,Envr Engr Process Lab II,0010
ENVE 491,Senior Project Design I,1000
ENVE 492,Senior Design Project II,0100
ENVE 493,Senior Design Project III,0010
ENVP 345,Sociology of the Environment,0100
ENVP 346,Environmental Justice,0000
ENVP 360,Env Movements in America,1000
ENVP 365,Intro to Env Policy Analysis,0000
ENVS 169,Environmental Science,0000
ENVS 230,General Ecology,1010
ENVS 260,Environ Science & Society I,1111
ENVS 262,Environ Science & Society II,0000
ENVS 270,History of Life on Earth,1000
ENVS 271,Dinosaurs and Their World,0010
ENVS 272,Physical Geology,0100
ENVS 284,Phys & Pop Ecology,0100
ENVS 285,Population Ecology Lab,0100
ENVS 286,Community & Ecosystem Ecology,1000
ENVS 287,Community Ecology Lab,1000
ENVS 316,Sanitary Microbiology,0000
ENVS 321,Environmental Health,0000
ENVS 322,Tropical Ecology,0100
ENVS 323,Tropical Field Studies,0100
ENVS 324,Microbial Ecology,0000
ENVS 326,Molecular Ecology,0000
ENVS 327,Molecular Ecology Lab,0000
ENVS 330,Aquatic Ecology,0010
ENVS 331,Industrial Hygiene I,0000
ENVS 332,Industrial Hygiene II,0000
ENVS 335,Industrial Safety,0000
ENVS 336,Terrestrial Ecology,0000
ENVS 338,Biodiversity & Conservation,1000
ENVS 341,EqGuin Soc & Env,0000
ENVS 342,EqGuin NatResEcon,0000
ENVS 343,EqGuin Field Mthd,0000
ENVS 344,EqGuin Field Rsch,0000
ENVS 351,Resource & Environmental Econ,0000
ENVS 360,Evolutionary Developmental Bio,0000
ENVS 364,Animal Behavior,0010
ENVS 365,Animal Behavior Lab,0010
ENVS 370,Practice of Environ Economics,0000
ENVS 374,Sedimentary Environments,0000
ENVS 375,Invertebrate Paleontology,0000
ENVS 382,Field Botany: NJ Pine Barrens,0001
ENVS 383,Ecology of the NJ Pine Barrens,0010
ENVS 388,Marine Field Methods,0001
ENVS 390,Marine Ecology,1000
ENVS 392,Ichthyology and Herpetology,0000
ENVS 401,Chemistry of the Environment,1000
ENVS 405,Atmospheric Chemistry,0000
ENVS 410,Physiological Ecology,0000
ENVS 412,Biophysical Ecology,0000
ENVS 413,Advanced Population Ecology,0000
ENVS 414,Advanced Community Ecology,0000
ENVS 431,Epidemiology,0000
ENVS 436,Principles of Toxicology I,1000
ENVS 437,Principles of Toxicology II,0100
ENVS 441,Issues Global Change I: Sem,0100
ENVS 442,Issues Global Change II: Res,0010
ENVS 476,Paleobotany,0000
ENVS 497,Research,0000
EVGD 200,Intro to Environmental GRDS,0010
EVGD 210,Architectural Signage,1010
EVGD 220,Wayfinding,0101
EVGD 310,Design Techniques & Materials,0101
EVGD 320,Exhibit Design,1100
EVGD 421,Environmental Branding,1000
EVGD 496,Sr Thesis in Eviron Gr Dsgn,0110
FASH 201,Survey of the Fashion Industry,1000
FASH 210,Presentation Techniques in FD,1010
FASH 211,Fashion Drawing I,1000
FASH 212,Fashion Drawing II,0110
FASH 220,Textile Design,1100
FASH 230,Textiles for Fashion Design,0110
FASH 241,Construction Skills,1100
FASH 251,Fashion Design I,0110
FASH 252,Fashion Design II,0011
FASH 313,Fashion Drawing for Industry,0011
FASH 314,Fashion Presentation Drawing,0101
FASH 315,CAD Patternmaking,1110
FASH 316,CAD for Fashion Design,0100
FASH 317,Technical Design,0110
FASH 341,Flat Pattern Design,0110
FASH 342,Draping Design,1000
FASH 343,Tailoring and Design,1010
FASH 351,Fashion Design III,0101
FASH 352,Fashion Design IV,1000
FASH 450,Machine Knitting,1110
FASH 451,Accessory Design,0001
FASH 452,Millinery Design,0010
FASH 464,Professional Portfolio,1000
FASH 466,Business of Fashion,1000
FASH 467,Style and the Media,0010
FASH 491,Sr Problem Fash Design I,0100
FASH 492,Senior Prob Fash Desgn II,0010
FDSC 154,"Foods: Comp, Inter & Form",1010
FDSC 270,Micro Food Safety & Sanitation,0100
FDSC 350,Exp Foods: Product Development,1000
FDSC 450,Food Microbiology,1000
FDSC 451,Food Microbiology Laboratory,1000
FDSC 454,Micro & Chem of Food Safety,0000
FDSC 456,Food Preservation Processes,0000
FDSC 460,Food Chemistry,0100
FDSC 461,Food Analysis,0000
FDSC 468,Functional Foods,0100
FDSC 490,Seminar in Food Science,0010
FDSC 491,Senior Project I,0100
FDSC 492,Senior Project II,0010
FIN 301,Introduction to Finance,1111
FIN 302,Intermediate Corporate Finance,1111
FIN 321,Invest Securities & Markt,1110
FIN 323,Risk Management,1100
FIN 325,Fin Institutions and Markets,1111
FIN 330,Derivative Securities,0010
FIN 332,Investment Analysis,0110
FIN 335,Entrepreneurial Finance,0101
FIN 338,Money and Capital Markets,1111
FIN 340,Seminar in Finance,1110
FIN 341,Applied Portfolio Management,1110
FIN 342,Advanced Portfolio Management,0000
FIN 346,Global Financial Mgmt,0100
FIN 350,Personal Finance,1111
FMST 150,American Classic Cinema,1111
FMST 160,European Cinema,0100
FMST 245,Non-Western Cinema,0010
FMST 250,The Documentary Tradition,1000
FMST 255,Hitchcock,0010
FMST 260,The Western,0010
FMST 262,Film Comedy,0101
FMST 263,Rock - N - Roll Cinema,0000
FMST 340,French New Wave,0000
FMST 345,Italian Neo Realism,0000
FMST 352,The Horror Film,0001
FMST 355,Contemporary Cinema,1001
FMVD 110,Basic Shooting and Lighting,1111
FMVD 115,Basic Editing,1110
FMVD 120,Basic Sound,1110
FMVD 200,Acting for the Screen,1111
FMVD 202,Directing for the Screen,1111
FMVD 205,Professions in Film and Video,1000
FMVD 206,Audio Production and Post,0101
FMVD 210,Documentary Video Production,1111
FMVD 215,Narrative Video Production,1011
FMVD 220,Experimental Video Production,1010
FMVD 230,Basic Filmmaking,1110
FMVD 235,Intermediate Lighting,1111
FMVD 237,Intermediate Editing,0100
FMVD 264,Russian Cinema,0000
FMVD 286,Producing for Features,1000
FMVD 290,Cutting Trailers,0110
FMVD 291,Film and Video Internship,1110
FMVD 305,Special Effects Make-up,0010
FMVD 310,Camera Operators Workshop,1010
FMVD 315,Audio Post Production,0001
FMVD 320,Steadicam Workshop,0100
FMVD 322,Production Workshop I,1010
FMVD 323,Production Workshop II,0101
FMVD 325,Stop Motion Animation,0010
FMVD 327,Advanced Lighting,0000
FMVD 332,Advanced Film,0101
FMVD 335,The 16mm Film Project,0000
FMVD 341,Creating Credits and Opticals,0000
FMVD 344,Music Video Production,0000
FMVD 360,The Art of Television,0010
FMVD 400,Advanced Directing,0100
FMVD 420,Advanced Audio Post-Production,0000
FMVD 430,Advanced Cinematography,0010
FMVD 465,Special Topics in Film & Video,0000
FMVD 495,Senior Project in Film & Video,1110
FREN 101,French I,1111
FREN 102,French II,1111
FREN 103,French III,1111
FREN 201,French IV,1111
FREN 202,French V,1111
FREN 203,French VI: Convers & Comp,1111
FREN 311,Intro French Stylistics,1111
FREN 312,French Stylistics,1111
FREN 332,Studies in French Literature,0001
FREN 333,Advanced French Literature,1000
FREN 351,Intro Bus & Prof French,0100
FREN 371,Spec St French Civ & Cult,0010
FREN 411,Spec St Adv French Stylis,0100
FREN 431,Spec St Adv French Lit,0010
FREN 451,Sp St Adv Bus/Prof French,0000
FREN 471,Sp St French Civilization,1000
FREN 480,French Minor Thesis Course,0000
GER 101,German I,1111
GER 102,German II,1111
GER 103,German III,1111
GER 201,German IV,1111
GER 202,German V,1111
GER 203,German VI: Convers & Comp,1111
GER 311,Intro German Stylistics,1111
GER 312,German Stylistics,1111
GER 332,Studies in German Literature,0001
GER 333,Advanced German Literature,1000
GER 351,Intro Bus & Prof German,0100
GER 371,Spec St German Civ & Cult,0010
GER 411,Spec St Adv German Stylis,0100
GER 431,Spec St Adv German Lit,0010
GER 451,Sp St Adv Bus/Prof German,0000
GER 471,Sp St German Civilization,1000
GER 480,German Minor Thesis Course,0000
GREC 101,Modern Elementary Greek I,0110
GREC 102,Modern Elementary Greek II,1000
GREC 103,Modern Elementary Greek III,0100
GREC 212,Introduction to Greek Folklore,0010
GREC 225,Intro to Greek Music & Dance,0010
GSTD 111,Learning Skills & Strategies,0000
GSTD 150,Intro to World Religions,1110
GSTD 210,Fact & Fiction in Film,0000
GSTD 400,Practicum,0000
GSTD 491,Senior Proj in General Studies,0000
HBRW 101,Introduction to Hebrew I,1110
HBRW 102,Introduction to Hebrew II,1110
HBRW 103,Introduction to Hebrew III,1110
HIST 141,Europe & the Modern World II,0000
HIST 161,Themes World Civilization I,1001
HIST 162,Themes World Civilization II,1101
HIST 163,Themes World Civilization III,0110
HIST 201,US History to 1815,1011
HIST 202,"US History, 1815-1900",0101
HIST 203,US History since 1900,1111
HIST 212,Themes African-Ameri Hist,0000
HIST 214,US Civil Rights Movement,0000
HIST 215,American Slavery,0000
HIST 216,Freedom in America,0000
HIST 218,Race and Film in US History,0000
HIST 220,History of American Business,0010
HIST 222,Hist Work & Workers in America,0000
HIST 223,Women and Work in America,0000
HIST 231,US Military Hist II since1900,0010
HIST 234,US Civil War,0010
HIST 235,"The Great War, 1914-1918",1001
HIST 236,World War II,0011
HIST 238,The Vietnam War,0000
HIST 243,Germany & World of Hitler,1000
HIST 244,20th- century Russia & USSR,0010
HIST 245,"England to Elizabeth, to 1558",0000
HIST 246,"England Eliz/Wtrloo,1558-1815",0000
HIST 247,"Modern England, 1815 - present",0000
HIST 249,Modern Jewish History,0100
HIST 250,"Euro Rev Ideology, 1815-1914",0100
HIST 251,Fascism,0000
HIST 252,"Europe between Wars, 1919-1939",0010
HIST 253,Jewish Life & Cult in Mid Ages,0000
HIST 258,"Hist of Europe,19th Century",0000
HIST 259,"Hist of Europe, 20th Century",0010
HIST 267,Twentieth Century World I,1010
HIST 268,Twentieth Century World II,0001
HIST 270,Intro Latin American History,0000
HIST 272,Ancient & Colonial Mexico,0010
HIST 273,Modern Mexico,0000
HIST 276,The History of Philadelphia,0011
HIST 280,History of Science I,1110
HIST 281,History of Science II,1110
HIST 282,The Scientific Revolution,1000
HIST 285,Technology in Hist Perspective,1111
HIST 286,Exploration Tech & Gender,0100
HIST 292,Technology in American Life,0000
HIST 296,Research Methods in History,0101
HIST 299,Hist Background Current Issues,0100
HIST 301,The Study of History,1000
HIST 310,"Women, Crime, & History",0010
HIST 490,Senior Seminar I,1000
HIST 491,Senior Seminar II,0100
HIST 492,Senior Seminar,1000
HRM 110,Intro Hospitality Industr,1000
HRM 120,Principl Foodservice Mgmt,1010
HRM 130,Tourism I,1000
HRM 135,Tourism II,0100
HRM 150,Customer Service,0100
HRM 160,Laws of the Hospitality Ind,0010
HRM 200,Software for Hospitality Ind,1000
HRM 215,Commercial Food Production,1110
HRM 220,Purchasing/Hospitality Indust,1000
HRM 225,Equipment Design and Layout,0100
HRM 250,Contract Fdsvc Management,0100
HRM 310,Hospitality Accounting Systems,0100
HRM 315,Continental/Ethnic/Reg Cuisine,0010
HRM 320,Hospitality Mgmt Info Sys,0100
HRM 325,Hotel Room Division Management,1000
HRM 326,Hotel Rooms Division Mgmt II,0010
HRM 330,Hotel & Restaurant Marketing,1000
HRM 335,Beverage Management,0100
HRM 340,Catering Management,0100
HRM 345,Convention Management,0100
HRM 347,Sport Tourism,1000
HRM 350,Cost Controls in Hospitality,0100
HRM 355,Resort Management,0010
HRM 360,Hosp Ind Public Relations,0010
HRM 365,Heritage Tourism,0000
HRM 370,Gaming & Casino Management I,1000
HRM 371,Gaming & Casino Management II,0100
HRM 375,Security and Loss Prevention,0010
HRM 385,Tourism Guest Lecture Series,0010
HRM 395,Economics of Tourism,0010
HRM 405,Curr Iss in Travel & Tourism,0000
HRM 415,Fine Dining & Services,1000
HRM 425,Hospitality Indstry Admin,0000
HRM 435,Wine and Spirits,1010
HRM 450,Hospitality Leadership Seminar,0100
HRM 455,Hospitalty Human Rsc Mgmt,0010
HRM 470,"Gaming Legis, Policy & Law",1000
HRM 472,Gaming Information Systems,0100
HRM 475,Current Issues in Gaming,0000
HRMT 321,Staffing in Organizations,0010
HRMT 323,Princ Human Resrce Admin,1110
HRMT 330,Collective Bargaining,0000
HRMT 345,Seminar In Human Rsc Mgmt,0010
HSAD 125,Medical Terminology,0010
HSAD 210,Health-Care Ethics,1111
HSAD 309,Advanced Health-Care Ethics,1111
HSAD 310,Intro to Health-Systems Admin,1111
HSAD 312,Development of World Hlth Care,0110
HSAD 313,Evolution of Health Care in US,1000
HSAD 315,Interdisciplinary Hlth Svcs,0000
HSAD 316,Health Care across Cultures,0110
HSAD 317,Religious Views on Health Care,1100
HSAD 318,Health/Vulnerable Populations,0011
HSAD 319,Women & the Health Professions,0011
HSAD 320,Managed Health Care,1000
HSAD 321,Health-Care Human Resources,1101
HSAD 322,Health-Care Law,1110
HSAD 323,Health Services & the Elderly,1010
HSAD 324,Hlth Tech/Ethic Responsibility,0000
HSAD 325,Issues in Health Care System,0011
HSAD 326,Holism & Health Care,0000
HSAD 327,Partnerships in Health Care,1100
HSAD 328,Health Care for Diverse Groups,1110
HSAD 329,Health Care and the Media,1010
HSAD 330,Financial Mgmt in Health Care,1010
HSAD 331,Non-profits and Health Care,0101
HSAD 332,Health-Care Marketing,1010
HSAD 333,"Health, Illness, and the Arts",0100
HSAD 334,Management of Health Services,0101
HSAD 335,Health-Care Policy,0110
HSAD 336,Urban Health Care,0010
HSAD 337,Hlth Care/Quality Improvement,0001
HSAD 338,Human Services & Health Sys,0000
HSAD 339,Health Care Legislation,1100
HSAD 340,Leadership in Health Svcs Adm,0010
HSAD 341,Risk Mgmt in Healthcare Org,0001
HSAD 342,Children and Health Care,0000
HSAD 343,Health and Illness in Film,1100
HSAD 344,Indiv & Health Care Politics,0100
HSAD 345,Ethics in Health Care Mgmt,0010
HSAD 351,Ethical Issues in Reproduction,0100
HSAD 352,Ethics in Health Care Research,0000
HSAD 353,Public Health Ethics,0100
HSAD 470,Readings in HSA,0000
HSAD 490,Senior Research Project,0000
HSCI 201,Health Assessment,0001
HSCI 204,Clinical Health Informatics,0101
HSCI 301,Pharmacology I,1001
HSCI 302,Pharmacology II,0101
HSCI 310,Intro to Clinical Research,0100
HSCI 313,Clinical Trials Protocols,0010
HSCI 315,Current Issues in Clinical Res,1010
HSCI 325,Exercise Physiology,0010
HSCI 326,Applied Anatomy & Kinesiology,0100
HSCI 337,Genetics and Health,1010
HSCI 430,Developmental Anatomy,0100
HSCI 470,Readings in Health Sciences,0000
HSCI 490,Senior Research Project,0000
HUM 006,Oral Comm Sk/Non-Native Spkrs,1110
HUM 315,Persp in Medical Humanities,0000
IAS 190,Global Research Methods,0010
IAS 320,Building Global Bridges,0100
IAS 359,Culture and Values,0100
IAS 360,Spec Topics World Civilization,1010
IAS 385,"Rum, Rice & Revolution",0000
INDE 240,Technology Economics,0100
INDE 300,Quality Management,0000
INDE 350,Industrial Eng Simulatulation,0000
INDE 363,Oper Resrch Engr II,0000
INDE 365,Systems Analysis Methods I,0000
INDE 366,Systems Analysis Methods II,0000
INDE 370,Industrial Project Management,0000
INDE 375,Quality Improve by Exper Dsgn,0000
INFO 101,Introduction to Info Tech,1110
INFO 102,Intro to Info Systems,1111
INFO 105,"Info Eval, Organization & Use",1010
INFO 108,Foundations of Software,1110
INFO 110,Human-Computer Interaction I,0111
INFO 120,IST Sem. for Transfer Students,1100
INFO 151,Web Systems & Services I,1110
INFO 152,Web Systems & Services II,0111
INFO 153,Applied Data Management,1010
INFO 154,Software System Construction,0101
INFO 200,Systems Analysis I,1010
INFO 204,Nursing Informatics,1010
INFO 205,Strategic Uses of Info Systems,0001
INFO 210,Database Management Systems,1111
INFO 215,Soc Aspects Of Info Systems,1111
INFO 300,Information Retrieval Systems,1010
INFO 310,Human-Computer Interaction II,0101
INFO 320,Server Technology I,1111
INFO 321,Server Technology II,0101
INFO 322,Server Technology III,1010
INFO 324,Team Process & Product,1010
INFO 330,Computer Networking Tech I,1111
INFO 331,Computer Networking Tech II,1010
INFO 333,Intro Information Security,1010
INFO 336,Distributed Systems Security,0010
INFO 340,Prog Internet Info Sys I,0000
INFO 341,Prog Internet Info Sys II,0000
INFO 355,Systems Analysis II,1111
INFO 360,Language Processing,0010
INFO 365,Database Administration I,1010
INFO 366,Database Administration II,0101
INFO 370,Artificial Intel Info Sys,0010
INFO 373,Digital Forensics,0001
INFO 375,Intro to Info Sys Assurance,0101
INFO 404,NURS Informatics for BSN Comp,1111
INFO 405,Comptr-Supptd Coop Work,0101
INFO 410,IT Infrastructure,1010
INFO 415,IT Services,0101
INFO 420,Software Project Management,1111
INFO 424,Team Project Practicum,1001
INFO 425,Design Problem I,1100
INFO 426,Design Problem II,0110
INFO 435,Information Services,1011
INTB 200,International Business,1111
INTB 332,Multinational Corporations,1000
INTB 334,International Trade,1110
INTB 336,Int'l Money & Finance,1110
INTB 338,Rgl St in Econ Pol & Int Bus,0010
INTB 440,Sem in International Business,0010
INTB 481,Sp Top International Business,0000
INTR 200,History of Modern Architecture,1000
INTR 211,Textiles for Interiors,1100
INTR 220,Orthographic Drawing,1000
INTR 231,Structure,1000
INTR 232,Interior Studio I,0100
INTR 233,Interior Studio II,0010
INTR 241,Perspective Drawing II,0100
INTR 245,CAD for Interior Design,0010
INTR 250,Interior Materials,1000
INTR 300,Directions 20c Inter Design,0100
INTR 305,History of Furniture,0011
INTR 331,Residential Design Studio,1000
INTR 332,Hospitality Design Studio,0100
INTR 341,Introduction to Rendering,1000
INTR 350,Interior Detailing,1000
INTR 351,Interior Lighting,0100
INTR 430,Commercial Design Studio,1000
INTR 445,Contract Doc Interior Des,0100
INTR 450,Professional Practice,1000
INTR 451,Interior Systems,1000
ITAL 101,Italian I,1111
ITAL 102,Italian II,1111
ITAL 103,Italian III,1111
ITAL 201,Italian IV,1111
ITAL 202,Italian V,1111
ITAL 203,Italian VI: Convrs & Comp,1111
ITAL 311,Intro Italian Stylistics,1111
ITAL 312,Italian Stylistics,1111
ITAL 331,Intro Italian Lit Studies,0001
ITAL 333,Adv Italian Literature,1000
ITAL 351,Intro Bus & Prof Italian,0100
ITAL 371,Spec St Ital Civ & Cult,0010
ITAL 411,Spec St Adv Ital Stylis,0100
ITAL 431,Spec St Adv Italian Lit,0010
ITAL 471,Sp St Ital Civilization,1000
ITAL 480,Italian Minor Thesis Course,0000
JAPN 101,Japanese I,1111
JAPN 102,Japanese II,1111
JAPN 103,Japanese III,1111
JAPN 104,Japanese Writing I,1111
JAPN 105,Japanese Writing II,1111
JAPN 201,Japanese IV,1111
JAPN 202,Japanese V,1111
JAPN 203,Japanese VI: Convr & Comp,1111
JAPN 204,Japanese Writing III,1111
JAPN 301,Japanese VII,1111
JAPN 302,Japanese VIII,1111
JAPN 303,Japanese IX,1111
JAPN 411,Intro Japanese Stylistics,1010
JAPN 451,Intro Bus & Prof Japanese,0100
JAPN 480,Japanese Minor Thesis Course,0000
JUDA 201,Jewish Lit & Civilization,0000
JUDA 202,Jewish Life/ Culture: Mid Ages,0000
JUDA 203,Modern Jewish History,0000
KOR 101,Korean I,1111
KOR 102,Korean II,1111
KOR 103,Korean III,1111
KOR 201,Korean IV,1111
KOR 202,Korean V,1111
KOR 203,Korean VI,1111
KOR 301,Korean VII,1111
KOR 302,Korean VIII,1111
KOR 303,Korean IX,1111
LANG 180,Special Topics in Languages,1111
LING 101,Introduction to Linguistics,1110
LING 102,Language and Society,1110
MATE 100,Materials for Emerging Tech,1010
MATE 101,Fundamentals of Materials,0100
MATE 214,Introduction to Polymers,1000
MATE 221,Intro Mech Behavior of Mate,0100
MATE 240,Thermodynamics of Materials,1000
MATE 245,Kinetics of Materials,0100
MATE 280,Advanced Materials Laboratory,1000
MATE 315,Processing Polymers,0100
MATE 341,Defects in Solids,0100
MATE 345,Processing of Ceramics,0100
MATE 355,Struct & Charact of Cryst Mat,1000
MATE 366,Processing Metallic Materials,1000
MATE 370,Mechanical Behavior of Solids,1000
MATE 410,Case Studies in Materials,0010
MATE 455,Biomedical Materials,1000
MATE 460,Engr Computational Lab,1000
MATE 491,Senior Project Design I,1000
MATE 492,Senior Project Design II,0100
MATE 493,Senior Project Design III,0010
MATH 100,Fundamentals of Mathematics,1100
MATH 101,Introduction to Analysis I,1111
MATH 102,Introduction to Analysis II,1111
MATH 107,Prob & Stat for Lib Arts,1010
MATH 110,Precalculus,1100
MATH 119,Mathematics For Design,0010
MATH 121,Calculus I,1110
MATH 122,Calculus II,1111
MATH 123,Calculus III,1111
MATH 180,Discrete Computat Struct,0110
MATH 181,Mathematical Analysis I,1111
MATH 182,Mathematical Analysis II,1111
MATH 183,Mathematical Analysis III,1111
MATH 200,Multivariate Calculus,1111
MATH 201,Linear Algebra,1111
MATH 205,Survey of Geometry,0000
MATH 210,Differential Equations,1100
MATH 220,Intro to Math Reasoning,1010
MATH 221,Discrete Mathematics,1111
MATH 235,Problem Solving Seminar,1000
MATH 238,History of Mathematics,1010
MATH 239,Math for the Life Sciences,0110
MATH 261,Linear Algebra,1111
MATH 262,Differential Equations,1111
MATH 285,Differential Equations II,0010
MATH 286,Applied Differential Equations,0000
MATH 291,Complex & Vector Analy for Eng,0101
MATH 300,Numerical Analysis,1010
MATH 301,Numerical Analysis II,0101
MATH 305,Intro Optimization Theory,0000
MATH 311,Probability and Statistics I,1110
MATH 312,Probability and Statistics II,0111
MATH 316,Math App of Symbolic Software,1000
MATH 318,Math App of Stat Software,0100
MATH 320,Actuarial Mathematics,0000
MATH 321,Vector Calculus,0100
MATH 322,Complex Variables,1010
MATH 323,Partial Differential Equations,0100
MATH 331,Abstract Algebra I,1000
MATH 332,Abstract Algebra II,0100
MATH 401,Elements of Modern Analysis I,1000
MATH 402,Elements of Modern Analysis II,0100
MATH 410,Scientific Data Analysis I,1010
MATH 411,Scientific Data Analysis II,0101
MATH 422,Introduction to Topology,0000
MATH 449,Mathematical Finance,0000
MATH 450,Introduction to Graph Theory,0000
MATH 475,Cryptography,0000
MATH 480,Spec Topics in Mathematics,0000
MATH 489,Tensor Analysis,0000
MBC 101,Med Term for Billers/Coders,1111
MBC 201,Medical Billing I,1111
MBC 202,Medical Billing II,1111
MBC 250,Medical Billing Software,1111
MBC 301,Physician-Based Med Coding I,1111
MBC 302,Physician-Based Med Coding II,1111
MBC 303,Hospital-Based Med Coding I,1111
MBC 304,Hospital-Based Med Coding II,1111
MBC 350,Physician-Based Chart Auditing,1111
MBC 360,Hospital-Based Case Studies,1111
MEM 201,Funds Cmptr Aided Design,1111
MEM 202,Engr Mechanics-Statics,1111
MEM 220,Basic Fluid Mechanics,0101
MEM 230,Mechanics of Materials I,1010
MEM 238,Dynamics,0111
MEM 255,Introduction to Controls,1101
MEM 310,Thermodynamic Analysis I,1110
MEM 311,Thermal & Fluid Sci Lab,1010
MEM 320,Fluid Dynamics I,1010
MEM 330,Mechanics of Materials II,0101
MEM 331,Experimental Mechanics I,0101
MEM 345,Heat Transfer,1010
MEM 351,Dynamic Systems Laboratory I,0101
MEM 355,Perf Enhancemt Dyn Systems,1110
MEM 361,Engineering Reliability,1101
MEM 395,Hess UG Scholars Research,1111
MEM 400,Internal Combustion Engines,0000
MEM 402,Power Plant Design,1000
MEM 403,Gas Turbines & Jet Propulsion,0100
MEM 405,Principles of Combustion I,0000
MEM 406,Principles of Combustion II,0000
MEM 410,Thermodynamic Analysis II,0101
MEM 413,HVAC Loads,1000
MEM 414,HVAC Equipment,0100
MEM 417,Intro to Microfabrication,0010
MEM 419,Microfluidics & Lab-on-a-Chip,0001
MEM 420,Aerodynamics,0010
MEM 423,Mechanics of Vibration,1011
MEM 424,Biomechanics,0000
MEM 425,Aircraft Design & Perform,1000
MEM 426,Aerospace Structures,0000
MEM 427,Finite Element Methods,1000
MEM 428,Introduction to Composites I,1000
MEM 429,Introduction to Composites II,0100
MEM 430,Advanced Stress Analysis,0000
MEM 431,Machine Design I,1010
MEM 435,Intro Comp Aid Desgn/Mfg,1010
MEM 437,Manufacturng Process I,1010
MEM 438,Manufacturing Process II,0100
MEM 440,Thermal Systems Analysis,0101
MEM 444,Biofluid Mechanics,0010
MEM 446,Fundamentals of Plasmas I,0000
MEM 447,Fundamentals of Plasmas II,0000
MEM 448,Applied Thermal Plasmas,0000
MEM 449,Applied Non-Thermal Plasmas,0000
MEM 453,Aircrft Flight Dynam & Ctrl I,0010
MEM 454,Aircrft Flight Dynam& Ctrl II,0000
MEM 455,Introduction to Robotics,1010
MEM 456,Robotics II,0100
MEM 462,Intro To Engr Mgmt,1010
MEM 478,Computer-Aided Tissue Engr,0000
MEM 491,Senior Design Project I,1000
MEM 492,Senior Design Project II,0100
MEM 493,Senior Design Project III,0010
MET 100,Graphical Communication,0010
MET 101,Manufacturing Materials,0100
MET 204,Applied Quality Control,0100
MET 205,Robotics & Mechatronics,0100
MET 209,Fluid Power,0100
MET 213,Applied Mechanics,1000
MET 301,Advanced Design Graphics,0000
MET 306,Zone Technologies,0000
MET 307,HazMat for Manufacturing,0000
MET 308,Maritime Manufacturing,0000
MET 310,Adv Robotics & Mechatronics,0000
MET 316,Computer Numerical Control,1000
MET 402,Manufacturing Design with CAD,0000
MET 403,Three Dimensional Modeling,0000
MET 404,Digital Instrumentation,0000
MET 407,Manufacturing Processes,0100
MET 408,MFG Information Management,0010
MET 409,Green Manufacturing,0000
MET 411,Adv Computer Numerical Control,0000
MET 421,Senior Design Project I,1000
MET 422,Senior Design Project II,0100
MET 423,Senior Design Project III,0010
MGMT 260,Intro to Entrepreneurship,1111
MGMT 363,Dir Study in Entrepreneurship,1010
MGMT 364,Technology Management,1110
MGMT 365,Busn Plan for Entrepreneurs,1111
MGMT 366,Entrepreneurship Cert Proj,0000
MGMT 450,Strategy & Competitive Advant,1111
MGMT 451,Management Simulation,1111
MHT 201,Kinematics,0000
MHT 205,Thermodynamics I,0100
MHT 206,Thermodynamics II,0010
MHT 222,Applied Dynamics I,0100
MHT 224,Applied Dynamics II,0000
MHT 226,Measurement Lab,1000
MHT 301,Fluid Mechanics I,0010
MHT 314,Thermo and Heat Transfer Lab,0010
MHT 401,Mechanical Design I,0100
MHT 405,HVAC,0000
MIP 131,History of the Music Industry,1000
MIP 133,Computer & Digital Apps I,1000
MIP 161,Copyrights in the Music Ind,0110
MIP 170,Radio Management,0100
MIP 179,Music Recording I,0100
MIP 227,Listening Techniques in Music,0100
MIP 233,Computer & Digital Appl II,0100
MIP 239,Survey of Modern Pro Tech,0100
MIP 262,Trademarks & Patents in the MI,0110
MIP 263,Media Promotion,0100
MIP 271,The Recording Industry I,1000
MIP 272,The Recording Industry II,0010
MIP 279,Music Recording II,1110
MIP 311,A & R in the Music Industry I,0100
MIP 312,A & R in the Music Industry II,0010
MIP 331,Music Venues and Concerts,0100
MIP 333,Computer & Digital Apps III,0010
MIP 341,Touring and Booking,0100
MIP 343,MADKo Concert Promotions,1110
MIP 361,The Publishing Industry,0100
MIP 363,Legal Issues in the Music Ind,0010
MIP 374,Entrepreneurship in the MI,0100
MIP 375,Marketing and Promo in MI,1000
MIP 377,Digital Label,1110
MIP 379,Music Recording III,1000
MIP 380,Special Topics in Music Ind,1110
MIP 381,Audio for Video,1000
MIP 382,Scoring to Picture,0010
MIP 383,MAD Dragon Studios,1110
MIP 384,Synthesis and Sampling,0100
MIP 386,Commercial Music Production,0010
MIP 387,Studio Maintenance & Assisting,0010
MIP 388,Production Company Management,0010
MIP 433,Computer & Digital Apps IV,0100
MIP 440,L&B MAD Dragon,1110
MIP 441,DraKo Booking,0100
MIP 443,Entertainment Contracts I,0100
MIP 444,MAD Dragon Records,1110
MIP 445,MAD Dragon Publishing,1110
MIP 453,Entertainment Contracts II,0010
MIP 462,Global Issues in the Music Ind,1000
MIP 464,Music Industry Cyberlaw,0010
MIP 467,Artist Representation,1000
MIP 468,Music Industry E-Commerce,0100
MIP 477,Music Production,0100
MIP 481,Mixing and Mastering,1000
MIP 482,Recording Session,0010
MIP 491,Senior Project in Music Ind,1110
MIS 300,Management Information Systems,1111
MIS 341,Microcomp Technol for Business,0000
MIS 342,Systems Analysis and Design,1010
MIS 343,Dbase Design & Implement,0101
MIS 344,Netwkg Technol For Bus,0000
MIS 345,Client/Svr Comptg For Bus,0000
MIS 346,MIS Strategy,1010
MIS 347,Dom & Global Outsrcing Mgmt,0101
MIS 348,VB Database Prog for Busn,1010
MIS 359,Information Systems Project,0100
MKTG 301,Intro Marketing Mgmt,1111
MKTG 321,Sales Management,1111
MKTG 322,Adv & Integrated Mktg Comm,1111
MKTG 324,Mktg Chan & Distrib Sys,1001
MKTG 326,Marketing Research,0110
MKTG 344,Professional Personal Selling,1111
MKTG 347,New Product Development,1110
MKTG 348,Services Marketing,1111
MKTG 351,Mktg For Non-Profit Orgs,0100
MKTG 352,Sales Promotion,0000
MKTG 353,Business-to-Business Marketing,0000
MKTG 355,Interactive Marketing,0101
MKTG 356,Consumer Behavior,1111
MKTG 357,Global Marketing,1111
MKTG 362,Brand & Reputation Mgmt,0110
MKTG 363,Brand & Reputation Mgmt Proj,0000
MKTG 380,Seminar in Marketing Strategy,1110
MUSC 101,University Chorus,1111
MUSC 102,Chamber Singers,1110
MUSC 105,Concert Band,1111
MUSC 106,Guitar Ensembles,1111
MUSC 107,Jazz Ensembles,1111
MUSC 109,String Ensembles,1110
MUSC 110,Keyboard Ensembles,1110
MUSC 111,Chamber Music Ensemble,1110
MUSC 112,Fusion Band,1110
MUSC 113,Percussion Ensembles,1110
MUSC 115,Gospel Choir,1111
MUSC 120,Music Fundamentals,1100
MUSC 121,Music Theory I,1111
MUSC 122,Music Theory II,0111
MUSC 123,Music Theory III,0001
MUSC 125,Ear Training I,1110
MUSC 126,Ear Training II,0110
MUSC 127,Ear Training III,0010
MUSC 130,Introduction to Music,1111
MUSC 190,Class Piano I,1111
MUSC 191,Class Guitar I,1111
MUSC 192,Class Percussion I,1000
MUSC 193,Class Voice I,1000
MUSC 194,Class Bass I,1100
MUSC 195,Class Bass II,0010
MUSC 229,Modern Arranging Techniques,1110
MUSC 231,Music History I,1000
MUSC 232,Music History II,0100
MUSC 236,Rock Music Through the Mid-60s,1000
MUSC 238,Rock Music Since the Mid-60s,0111
MUSC 241,Applied Music,1111
MUSC 249,Digital Music Composition,1000
MUSC 252,Music Composition,0010
MUSC 290,Advanced Class Piano,1111
MUSC 291,Advanced Class Guitar,0111
MUSC 300,Improvisation,0100
MUSC 323,Songwriting,0010
MUSC 331,World Musics,1111
MUSC 333,Afro-Amer Music USA,0010
MUSC 336,History of Jazz,1001
MUSC 338,American Popular Music,1010
NEUR 410,Neuroscience,0010
NFS 100,"Nutrition, Foods, and Health",1111
NFS 101,Intro Nutrition & Food,1111
NFS 111,Introduction to Dietetics,0000
NFS 200,Nutr I: Principles Nutrition,0000
NFS 203,Nutr II: Nutr In Life Cycle,0000
NFS 215,Nutritional Chemistry,1000
NFS 216,Nutrition and the Schoolchild,0000
NFS 217,Nutrient Quality & Composition,1000
NFS 220,Normal & Lifespan Nutrition,0101
NFS 230,Intermediate Nutrition,1010
NFS 265,Prof Issues Nutr & Foods,0010
NFS 310,Nutrition and Sports,0010
NFS 315,Nutrition in Chronic Disease,0001
NFS 320,Pediatric Nutrition,0100
NFS 325,Nutrition & Exercise Phys,0000
NFS 345,Foods Nutr Of World Cultures,0010
NFS 365,Nutr Lab: Food/Nutrient Analy,0100
NFS 370,Foodservice Systems Mgmt,0010
NFS 371,Institutional Organiz & Admin,0000
NFS 391,Community Nutrition,1000
NFS 415,Adv Nutr I: Macronutrient,1000
NFS 416,Adv Nutr II: Micronutr & Ctrl,0100
NFS 431,Nutrition Counseling,0100
NFS 443,Medical Nutrition Therapy I,1000
NFS 444,Medical Nutrition Therapy II,0100
NFS 445,Medical Nutrition Therapy III,0010
NFS 446,Perspectives World Nutrit,1000
NFS 475,Adv Seminar Dietetcs Prof,0000
NFS 494,Senior Project I,1000
NFS 495,Senior Project II,0100
NFS 496,Senior Project III,0010
NFS 497,Research,1111
NURS 100,Nursing in Society,0000
NURS 101,Ethic Advoc & Prof in Nurs I,0000
NURS 102,Health Promotion,1000
NURS 103,Ethic Advoc & Prof in Nurs II,1000
NURS 104,Ethic Advoc & Prof in Nurs III,0100
NURS 110,Essen Rel-Based Prof Nurs Prac,1010
NURS 112,Rel-Based Hlth Assess & Promo,1010
NURS 200,Principles of Nursing Practice,1010
NURS 201,Health Assess Across Lifespan,1010
NURS 300,Comprehensive Adult Nursing I,0101
NURS 301,Pharmacology for Nursing I,0101
NURS 303,Women's Health Nursing,1111
NURS 304,Nursing of Children,1111
NURS 305,Comprehnsv Adult Nursing II,1111
NURS 306,Pharmacology for Nursing II,0101
NURS 308,Mental Health Nursing,1111
NURS 325,Critical Issues in Nursing,1110
NURS 330,Research Basis of Nursing,1111
NURS 336,Alternatv & Complmt Hlth Intrv,1010
NURS 337,Genetics in Nursing and Health,1111
NURS 339,Pathophysiology,1010
NURS 340,Transformational Leadership,0101
NURS 346,Health Assessment,1111
NURS 370,Issues in Aging and Longevity,0111
NURS 375,Nurses Building a Healthy Comm,1111
NURS 388,Nursing Case Study I,0101
NURS 400,Ldrshp Mgmt & Entrep in Nurs,0101
NURS 401,Comp Adult Nursing III,1101
NURS 403,Communty Publ Hlth Nursing,1111
NURS 404,Nurs Informatics for BSN Compl,0000
NURS 450,Contemp Gerontolog Nursing,0111
NURS 460,Global Health & Policy Issues,0101
NURS 462,"Science, Technology and Health",1010
NURS 464,Sr Concentration in Nursing,0101
NURS 465,Senior Thesis in Nursing,1111
NURS 480,Special Topics in Nursing,1111
NURS 481,End of Life Care,0101
NURS 482,Cult Dimensions of Nurs Care,1010
NURS 488,Nursing Case Study II,0101
NURS 489,Synthesis of Nursing Knowledge,0110
NURS 490,Sr Project in Nursing,1000
NURS 491,Sr Project in Nursing II,0100
NURS 492,Sr Seminar in Nursing,1111
OPM 300,Operations Management,1111
OPM 315,Service Operations Management,0101
OPM 321,Planning and Control of Oper,1010
OPM 325,Adv Planning & Cntrl of Oper,0101
OPM 341,Supply Chain Management,0010
OPR 320,Linear Mod for Decision Making,1010
OPR 330,Adv Decision Making/Simulation,0100
ORGB 300,Organizational Behavior,1111
ORGB 420,Negotiations & Conflict Resol,0100
ORGB 498,Spec Topics in Org Behavior,0000
PHEV 145,Weather I: Climate & Global,1110
PHEV 146,Weather II: Analysis/Forecast,1110
PHGY 325,Physiology,1111
PHGY 382,Pathophysiology for Hlth Prof,0001
PHIL 101,Intro to Western Philosophy,1111
PHIL 102,Intro to Eastern Philosophy,1010
PHIL 105,Critical Reasoning,1111
PHIL 107,Phil & Knowledge Organization,1000
PHIL 111,Prop (zero-order) Logic,1111
PHIL 201,Hist Of Western Philos I,1000
PHIL 202,Hist Of Western Philos II,0010
PHIL 203,Hist Of Western Philos III,1000
PHIL 207,Predicate (first-order) Logic,1111
PHIL 210,Philosophy of Sport,0100
PHIL 211,Metaphysics,0101
PHIL 221,Epistemology,1010
PHIL 231,Aesthetics,0101
PHIL 241,Social & Political Philos,0100
PHIL 251,Ethics,1111
PHIL 255,Philosophy of Sex & Love,1110
PHIL 301,Business Ethics,1010
PHIL 305,Communication Ethics,1010
PHIL 311,Computer Ethics,1111
PHIL 315,Engineering Ethics,1111
PHIL 317,Ethics and Design Professions,0000
PHIL 321,Biomedical Ethics,0110
PHIL 322,Ethics of Human Enhancement,0000
PHIL 323,Organizational Ethics,0100
PHIL 325,Ethics in Sports Management,0010
PHIL 330,Ethical Issues in Crim Justice,0010
PHIL 335,Global Ethical Issues,0010
PHIL 341,Philosophy of the Environment,0000
PHIL 351,Philosophy of Technology,0000
PHIL 355,Philosophy of Medicine,1000
PHIL 361,Philosophy of Science,0101
PHIL 371,Philosophy of Social Sciences,0000
PHIL 381,Philosophy in Literature,0010
PHIL 385,Philosophy of Law,1000
PHIL 391,Philosophy of Religion,0010
PHIL 395,Advanced Topics in Logic,0000
PHIL 421,Seminar in Ancient Philosophy,0000
PHIL 425,Seminar in Medieval Philosophy,0000
PHIL 431,Sem Rationalism & Empiricism,0000
PHIL 461,Seminar in Contemporary Phil,0000
PHIL 465,Seminar in American Philosophy,0000
PHIL 475,Special Problems in Philosophy,0000
PHIL 481,Sem in a Philosophical School,0000
PHIL 485,Seminar in a Major Philosopher,0000
PHIL 497,Senior Essay I: Res & Thesis,0000
PHIL 498,Sen Essay II: Argument Constr,0000
PHIL 499,Senior Essay III: Defense,0000
PHTO 110,Photography,1111
PHTO 115,Photographic Principles,0000
PHTO 140,Digital Photography I,0010
PHTO 210,Intermediate Photography,1110
PHTO 231,Color Photography,0010
PHTO 233,Large Format Photography,1000
PHTO 234,Studio Photography,0001
PHTO 236,Photojournalism,0100
PHTO 240,Digital Photography II,0100
PHTO 253,Fine Black & White Printing,1000
PHTO 275,History of Photography I,0100
PHTO 276,History of Photography II,0010
PHTO 291,Internship,0100
PHTO 334,Advanced Studio Photography,1010
PHTO 335,Portraiture,0010
PHTO 350,Photography and Culture,0100
PHTO 361,Advanced Photography,1001
PHTO 392,Junior Project in Photography,0110
PHTO 450,Self Promo for Photographers,0100
PHTO 451,Photography and Business,1000
PHTO 452,Hist Contemporary Photography,1000
PHTO 492,Senior Thesis I,1000
PHTO 493,Senior Thesis II,0100
PHTO 495,Senior Thesis III,0010
PHYS 100,Prep for Engineering Studies,1111
PHYS 101,Fundamentals of Physics I,1111
PHYS 102,Fundamentals of Physics II,1111
PHYS 103,General Physics I,1000
PHYS 104,General Physics II,0100
PHYS 105,Computational Physics I,0010
PHYS 106,The Physics of High Fidelity,0100
PHYS 113,Contemporary Physics I,1000
PHYS 114,Contemporary Physics II,0100
PHYS 115,Contemporary Physics III,0010
PHYS 121,Physical Science for Design I,1000
PHYS 122,Physical Science for Design II,0100
PHYS 131,Survey of the Universe,1111
PHYS 135,How Things Work,1111
PHYS 137,Issues in Science and Religion,0010
PHYS 151,Applied Physics,1110
PHYS 152,Introductory Physics I,1010
PHYS 153,Introductory Physics II,0101
PHYS 154,Introductory Physics III,1010
PHYS 160,Intro to Scientific Computing,1010
PHYS 181,Astronomy,1110
PHYS 182,Applied Physics I,1000
PHYS 183,Applied Physics II,0100
PHYS 184,Applied Physics III,0010
PHYS 185,Fundamentals of Phys Lec I,1111
PHYS 186,Fundamentals of Phys Lab I,1000
PHYS 188,Fundamentals of Phys Lab II,0100
PHYS 189,Fundamentals of Phys Lec II,1111
PHYS 201,Fundaments of Physics III,1111
PHYS 202,Fundamentals of Physics IV,0101
PHYS 217,Thermodynamics,1000
PHYS 223,Modern Physics Laboratory,0100
PHYS 226,Instrument Scientists I,0000
PHYS 227,Instrument Scientists II,0000
PHYS 231,Introductory Astrophysics,0000
PHYS 232,Observational Astrophysics,0000
PHYS 280,Fundamentals of Phys Lec III,1111
PHYS 282,Fundamentals of Phys Lab III,0010
PHYS 305,Computational Physics II,0100
PHYS 306,Computational Physics Lab I,0000
PHYS 307,Computational Phys Lab II,0000
PHYS 311,Classical Mechanics I,1000
PHYS 312,Classical Mechanics II,0100
PHYS 317,Statistical Mechanics,0000
PHYS 321,Electromagnetic Fields I,0000
PHYS 322,Electromagnetic Fields II,0000
PHYS 324,Topics in Mathematical Physics,0100
PHYS 326,Quantum Mechanics I,0000
PHYS 327,Quantum Mechanics II,0000
PHYS 328,Advanced Laboratory,0000
PHYS 405,Advanced Computational Physics,1000
PHYS 408,Physics Seminar,1110
PHYS 409,Astrophysics Seminar,0000
PHYS 428,Quantum Mechanics III,0000
PHYS 431,Galactic Dynamics,0000
PHYS 432,Cosmology,0000
PHYS 451,Quantum Structure of Materials,1000
PHYS 452,Solid State Physics,0000
PHYS 453,Nanoscience,0000
PHYS 461,Biophysics,0000
PHYS 462,Computational Biophysics,0000
PHYS 463,Single Molecule Methods,0000
PHYS 471,Nonlinear Dynamics,0000
PHYS 476,Nuclear and Particle Physics,0000
PHYS 491,Senior Research I,1000
PHYS 492,Senior Research II,0100
PHYS 493,Senior Research III,0010
PRMT 110,Intro to Property Management,1010
PRMT 210,Rental Prop & Fair Housing Law,0110
PRMT 215,Building Systems for PRMT I,0100
PRMT 216,Building Systems for PRMT II,0100
PRMT 225,Techn Drawings for Prop Mgrs,0010
PRMT 310,Property Financing & Valuation,0110
PRMT 315,Property Risk Management,0000
PRMT 320,Sustainable Property Mgt,0000
PRMT 325,HR Strat Prop Mg,0010
PRMT 330,Property Management Technology,0000
PRMT 333,Social Resp for Prop Mgrs,0000
PRMT 335,Mktg Leas Res Pro,0100
PRMT 340,Mng Mkt Retl Prop,1000
PRMT 341,Mng & Mktg Ofc Buildings,0100
PRMT 342,Mng & Mktg Industrial Prop,0010
PRMT 345,Mg Mkt Hous Aging,0010
PRMT 350,Affordable Housing Management,0100
PRMT 355,Student Housing Management,0010
PRMT 356,Military Housing Management,0010
PRMT 360,Managing & Mkt Commercial Pro,0000
PRMT 363,Commercial Property Fin Rprts,0100
PRMT 365,Commercial Property Appraisal,0000
PRMT 491,Senior Project in Property Mgt,0000
PROD 101,History & Analysis of Prod Des,1000
PROD 205,Applied Making I,1000
PROD 210,Applied Making II,1000
PROD 215,Design Thinking in PROD,0000
PROD 220,Product Design Form Studio,0100
PROD 225,Computer Aided Imagining in PD,0010
PROD 230,Product Design Process Studio,0010
PROD 235,Applied Design Visualization,1000
PROD 245,Seminar Professional Landscape,0001
PROD 255,Applied Materials in Pro Des,0001
PROD 340,Interdisciplinary PROD Studio,1000
PROD 345,Applied Human Centered Design,0100
PROD 350,Sponsored PROD Studio,0000
PROD 425,Applied Design Research,1000
PROD 460,Research Synthesis Studio,1000
PROD 470,Create Build Studio,0100
PROD 475,Professional Practice PROD,0010
PROD 480,Exhibition Studio,0010
PRST 211,Computer Apl for Professionals,1110
PRST 212,Creative Studies in the WWW,0110
PRST 303,Virtual Teams,0100
PRST 330,Career & Professional Dvlpmnt,0011
PRST 440,Policy Analysis,0010
PRST 450,Creative Leadership for Profls,1100
PRST 491,Professional Portfolio I,0000
PRST 492,Professional Portfolio II,0000
PSCI 100,Intro Political Science,1111
PSCI 110,American Government I,1111
PSCI 120,History of Political Thought,1010
PSCI 130,Research Methods in PSCI I,0010
PSCI 140,Intro Comp Political Analysis,0101
PSCI 150,International Politics,1111
PSCI 211,American Government II,1010
PSCI 220,Constitutional Law I,0100
PSCI 230,Research Methods in PSCI II,0100
PSCI 240,Comparative Government,0100
PSCI 250,American Foreign Policy,1010
PSCI 255,International Political Econ,0000
PSCI 270,Prob Indv Liberty v Govt Auth,0100
PSCI 313,State & Local Government,0000
PSCI 323,Comparative Political Thought,1010
PSCI 329,Theories of Justice,1000
PSCI 330,Public Opinion & Propaganda,0010
PSCI 331,Environmental Politics,1000
PSCI 344,Intro to 20th Cent Middle East,0010
PSCI 345,Compar Politics Middle East,1000
PSCI 351,International Organizations,0100
PSCI 352,Ethics and Intl Relations,0001
PSCI 353,International Human Rights,1000
PSCI 354,US & the Third World,0000
PSCI 357,The European Union,0000
PSCI 358,Political Economy of Japan,0000
PSCI 363,Constitutional Law II,1000
PSCI 364,Constitutional Law III,0000
PSCI 370,Topics in Public Policy,0000
PSCI 371,"Science, Tech, & Public Polcy",0000
PSCI 372,City in US Political Devlpmnt,0000
PSCI 374,Politics of Sport,0000
PSCI 492,PSCI Honors Thesis I,0000
PSCI 493,PSCI Honors Thesis II,0000
PSY 101,General Psychology I,1111
PSY 111,Preprofessional Gen Psych I,1000
PSY 112,Preprofessional Gen Psych II,0100
PSY 120,Developmental Psychology,1111
PSY 140,Approaches to Personality,1111
PSY 150,Intro Social Psychology,1111
PSY 212,Physiological Psychology,1010
PSY 213,Sensation and Perception,1010
PSY 222,Psych Probs Modern Youth,1000
PSY 225,Child Psychopathology,0110
PSY 230,Psychology of Learning,1111
PSY 240,Abnormal Psychology,1111
PSY 242,Psychology of Disability,0110
PSY 244,Culture and Personality,0000
PSY 245,Sports Psychology,0010
PSY 250,Industrial Psychology,0100
PSY 252,Death and Dying,1010
PSY 254,Psychology of Sexual Behavior,1110
PSY 260,Psychological Research I,1110
PSY 305,Sci/Pseudoscience in Psych,1000
PSY 310,Drugs & Human Behavior,1111
PSY 320,Educational Psychology,1001
PSY 322,Adv Developmental Psych,0100
PSY 330,Cognitive Psychology,1110
PSY 332,Human Factors & Cognitive Engr,0100
PSY 336,Psychology of Language,0010
PSY 337,Human-Computr Interaction,1010
PSY 340,Psych Testing/Assessment,1111
PSY 342,Counseling Psychology,1110
PSY 345,Narrative Psychology,0000
PSY 350,Advanced Social Psychology,0100
PSY 352,Environmental Psychology,0000
PSY 355,Health Psychology,1000
PSY 356,Women's Health Psychology,1000
PSY 357,The Psychology of Eating,1010
PSY 360,Experimental Psychology,1111
PSY 364,Computer-Assist Data Analy I,1111
PSY 365,Computer-Assist Data Analy II,1111
PSY 368,Critical Psychology,0100
PSY 370,Forensic Psychology,0101
PSY 401,History Systems Psych,1011
PSY 410,Neuropsychology,1010
PSY 442,Theors & Practice Clin Psych,0010
PSY 450,Autism Spectrum Disorders,0010
PSY 490,Psych Senior Thesis I,1000
PSY 491,Psych Senior Thesis II,0100
PSY 492,Psych Senior Thesis III,0010
RADI 100,Intro to Radiologic Technology,1000
RADI 102,Intro to Radiologic Prin II,0100
RADI 132,Radiologic Physics I,0010
RADI 133,Radiologic Physics II,0001
RADI 150,Prin of Rad Exposure I,1000
RADI 153,Prin of Rad Exposure II,0100
RADI 154,Radiographic Exposure III,0010
RADI 164,Radiologic Procedures I,1000
RADI 165,Radiographic Procedures II,0100
RADI 166,Radiographic Procedures III,0010
RADI 193,Methods of Patient Care I,1000
RADI 194,Methods of Patient Care II,0100
RADI 195,Clinical Practicum I,1000
RADI 196,Clinical Practicum II,0100
RADI 197,Clinical Practicum III,0010
RADI 198,Clinical Practicum IV,0001
RADI 200,Radiologic Procedures IV,1000
RADI 201,Medical Imaging,0100
RADI 202,Radiologic Procedures V,0010
RADI 203,Principles of Exposure IV,1000
RADI 204,Principles of Rad Protection,0100
RADI 215,Radiation Biology,1000
RADI 221,Quality Assurance,0010
RADI 222,Pathology,0100
RADI 223,Registry Review,0010
RADI 291,Clinical Practicum V,1000
RADI 292,Clinical Practicum VI,0100
RADI 293,Clinical Practicum VII,0010
REAL 310,Introduction to Real Estate,1110
REAL 320,Real Estate Law Princ & Pract,1010
REAL 330,Facilities & Property Mngt,0101
REAL 470,RE Invest & Mkt & Feas Anal,0010
REAL 471,Adv Real Estate Invest & Anal,1000
REAL 472,Adv Mkt Research & Analysis,0100
REAL 473,Sales & Mktg of Real Estate,0010
REAL 474,Real Estate Econ in Urban Mkts,1000
REAL 475,Real Estate Finance,0100
REAL 476,Real Estate Valuation & Anal,0010
RETL 315,Power of Retail Brands,1000
RETL 325,In-Store Vis Str,0100
RETL 400,Retail Leadership Capstone,0010
RUSS 101,Russian I,1111
RUSS 102,Russian II,1111
RUSS 103,Russian III,1111
RUSS 201,Russian IV,1111
RUSS 202,Russian V,1111
RUSS 203,Russian VI: Convrs & Comp,1111
RUSS 301,Russian VII,1111
RUSS 302,Russian VIII,1111
RUSS 303,Russian IX,1111
RUSS 411,Intro Russian Stylistics,1000
RUSS 431,Intro Russian Literature,0100
RUSS 451,Intro Bus & Prof Russian,0010
RUSS 480,Russian Minor Thesis Course,0000
SCRP 220,Playwriting I,1000
SCRP 225,Playwriting II,0100
SCRP 241,Writing TV Comedy,0100
SCRP 242,Writing TV Drama,0010
SCRP 250,Creating Stand-up Comedy,0100
SCRP 270,Screenwriting I,1110
SCRP 275,Screenwriting II,1110
SCRP 280,Writing the Short Film,1110
SCRP 310,Literature for Screenwriters,0101
SCRP 350,Writing the TV Comedy Series,0010
SCRP 353,Writing the TV Drama Series,0010
SCRP 370,Screenplay Story Development,1010
SCRP 380,Screenwriting Workshop I,1111
SCRP 381,Screenwriting Workshop II,1111
SCRP 382,Playwriting Workshop I,0011
SCRP 383,Playwriting Workshop II,0011
SCRP 495,SCRP Senior Proj I,1011
SCRP 496,SCRP Senior Proj II,1101
SE 101,Foundations of SE I,1000
SE 102,Foundations of SE II,0100
SE 103,Foundations of SE III,0010
SE 310,Software Architecture I,1000
SE 311,Software Architecture II,0100
SE 320,Software Verif and Validation,1000
SMT 101,Principles of Coaching,1001
SMT 102,Principles of Coaching II,0100
SMT 110,The Business of Sport,1001
SMT 152,Leadership in Sports & Society,1001
SMT 200,Intro to Facility/Event Mgmt,0100
SMT 201,"Sports Mktg., Promo. and P.R.",1000
SMT 203,Sports Conditioning,0010
SMT 205,Sports Information,1000
SMT 210,Prevnt/Care Athletic Injuries,0011
SMT 215,Sports Ticket Sales & Oper,0100
SMT 220,"Recreation, Wellness & Society",0000
SMT 225,Sports Budgeting,0100
SMT 230,Sports and the Law,1000
SMT 235,Sports Admin and Governance,0000
SMT 240,Olympic Games,0000
SMT 245,NCAA Compliance,0000
SMT 250,Technology and Sport,1000
SMT 254,Women & Minority Opps in Sport,0000
SMT 255,Legal Foundations of Title IX,0000
SMT 260,Sports Agents & Labor,0000
SMT 270,Sports Facility Management,0000
SMT 275,Sports Event Management,0000
SMT 300,Quant Analy/Stats for Sports,0100
SMT 305,Fundraising in Sports,0100
SMT 307,Corp Sponsorship in Sports,0010
SMT 309,Capital Campaigns in Athletics,0000
SMT 310,Sports Contracts,0000
SMT 315,Sports Publications & Graphics,0010
SMT 320,Economic Aspects of Sport Mgmt,0100
SMT 337,Risk Management in Sports,0000
SMT 340,International Aspects of Sport,0010
SMT 345,Fan Experience Management,0100
SMT 347,Sport Tourism,1000
SMT 401,Professional Portfolio,0000
SMT 475,Sports Industry Practicum,1111
SOC 101,Introduction to Sociology,1111
SOC 110,Sociology of the Future,0110
SOC 115,Social Problems,1111
SOC 120,Sociology of the Family,0110
SOC 125,Sociology of Aging,0111
SOC 137,Issues in Science and Religion,0000
SOC 150,Sex and Society,0001
SOC 204,Criminology,1111
SOC 210,Race and Ethnic Relations,1111
SOC 215,Industrial Sociology,0100
SOC 220,Wealth and Power,1111
SOC 225,Soc of Technology & Aging,0000
SOC 230,Women & Men-Changing Soc,1010
SOC 235,Sociology of Health,1001
SOC 240,Urban Sociology,1111
SOC 250,Research Methods I,1111
SOC 260,Classical Social Theory,1111
SOC 268,Sociology of Sport,0000
SOC 274,"Sex,Violence & Crime-Internet",0100
SOC 275,Issues in Domestic Violence,0010
SOC 276,Introduction to Computer Crime,1000
SOC 277,Intro-Correctional Practices,0010
SOC 310,Topics in Political Sociology,1111
SOC 311,Soc of Religion,0100
SOC 312,Topics in Soc of Sci and Tech,0000
SOC 320,Sociology of Deviant Behavior,1111
SOC 330,Dev Nations/Intnt'l Div Labor,0101
SOC 335,Sociology of Education I,0010
SOC 340,Globalization,1010
SOC 341,Environ Movements in America,0000
SOC 344,Social Movements,0000
SOC 345,Sociology of the Environment,0100
SOC 346,Environmental Justice,0000
SOC 347,Intro to Environ Policy Analy,0000
SOC 350,Research Methods II,0110
SOC 364,Cmptr-Assist Data Anlys I,1111
SOC 370,Practicum Appl/Commun Soc,1111
SOC 373,Environmental Crimes,1000
SOC 374,Restorative Justice,1000
SOC 376,Sentencing,0100
SOC 377,Intellectual Property Theft,0010
SOC 395,Seminar in Sociology,1000
SOC 435,Seminar - Organ of Amer States,0100
SOC 460,Contemporary Social Theory,0110
SOC 470,Social Change & Planning,0010
SPAN 101,Spanish I,1111
SPAN 102,Spanish II,1111
SPAN 103,Spanish III,1111
SPAN 201,Spanish IV,1111
SPAN 202,Spanish V,1111
SPAN 203,Spanish VI: Convrs & Comp,1111
SPAN 311,Intro Spanish Stylistics,1111
SPAN 312,Spanish Stylistics,1111
SPAN 332,St Spanish/Span Amer Lit,0001
SPAN 333,Adv Spanish/Span Am Lit,1000
SPAN 351,Intro Bus & Prof Spanish,0100
SPAN 371,Spec St Spanish Civil & Cult,0010
SPAN 411,Spec St Adv Spanish Stylistics,0100
SPAN 431,Spec St Adv Spanish Lit,0010
SPAN 451,Sp St Adv Bus/Prof Spanish,0000
SPAN 471,Spec St Spanish Civilization,1000
SPAN 480,Spanish Minor Thesis Course,0000
STAT 201,Intro to Business Statistics,1111
STAT 202,Business Statistics II,1110
STAT 205,Statistical Inference I,1010
STAT 206,Statistical Inference II,0101
STAT 261,Statistics I,1000
STAT 262,Statistics II,0100
STAT 263,Statistics III,0010
STAT 325,6-Sigma Quality Implementation,0010
STS 345,Stats for the Health Sciences,1111
STS 350,Adv Stats for Clinical Science,0110
TAX 341,Individual Income Taxes,1111
TAX 342,Business Income Taxes,0100
THTR 110,Voice and Articulation,0100
THTR 115,Theatrical Experience,1110
THTR 116,Philadelphia Theatre Let's Go!,0100
THTR 121,Dramatic Analysis,1000
THTR 131,Theatre Performance Practicum,1111
THTR 132,Theatre Production Practicum,1111
THTR 210,Acting: Fundamentals,1111
THTR 211,Acting: Scene Study,1010
THTR 212,Sketch Comedy,0010
THTR 221,Theatre History I,0010
THTR 222,Theatre History II,0100
THTR 240,Theatre Production I,1010
THTR 260,Production Design,0100
THTR 320,Play Direction,1010
THTR 360,Lighting Design,1100
TVIE 180,TV Industry Overview,0010
TVIE 280,Research Sales Prog,1000
TVIE 285,Media Law and Ethics,0100
TVIE 290,Intro to Money & the Media,0010
TVIE 365,Special Topics: TVIE,0000
TVIE 390,Practicum: Promotions,0100
TVIE 391,Practicum: Programming,1000
TVIE 392,Practicum: New Media Mngmt,0100
TVIE 480,TV Professions & Business,1000
TVIE 495,SrProject: TVIE I,1000
TVIE 496,SrProject: TVIE II,1000
TVIE 497,SrProject: TVIE III,1000
TVIT 270,Digital Content Delivery,0010
TVIT 275,Introduction to IT for TV,1000
TVIT 370,Monetizing TV Web Content,1000
TVIT 375,Web Streaming Poject,1000
TVPR 100,TV Studio: Basic Operations,1100
TVPR 200,TV Studio: Live Directing,1100
TVPR 201,TV Studio: Comedy,0010
TVPR 202,TV Studio: Drama,0010
TVPR 205,TV Studio: Adv Live Directing,0010
TVPR 212,TV Commercials and Promos,1000
TVPR 220,TV News Writing,0100
TVPR 221,TV News Production,0010
TVPR 230,TV Field: Drama,0010
TVPR 232,TV Field: Industrials,0010
TVPR 236,TV Field: Nonfiction,0010
TVPR 240,Producing for Television,1000
TVPR 242,TV On-Camera Performance,0000
TVPR 315,Episodic Webisode Production,0100
TVPR 340,Remote TV Production,1000
TVPR 347,Advanced TV Lighting,0000
TVPR 348,TV Directing Workshop,0000
TVPR 351,TV Comedy Series I,0100
TVPR 352,TV Comedy Series II,0010
TVPR 354,TV Drama Series I,1000
TVPR 355,TV Drama Series II,0100
TVPR 356,TV Magazine Show I,1000
TVPR 357,TV Magazine Show II,0100
TVPR 495,SrProject: TVPR I,1000
TVPR 496,SrProject: TVPR II,1100
TVPR 497,SrProject: TVPR III,1100
TVST 260,History of Television,0100
TVST 261,History of TV Journalism,0100
TVST 361,Art of TV Comedy,0110
TVST 362,Art of TV Drama,1000
TVST 363,Science Fiction Television,1110
VSCM 100,Computer Imaging I,1100
VSCM 140,Calligraphy,0100
VSCM 200,Computer Imaging II,1000
VSCM 230,Visual Communication I,1000
VSCM 231,Visual Communication II,0100
VSCM 232,Visual Communication III,0010
VSCM 240,Typography I,1010
VSCM 241,Production,0010
VSCM 242,Typography II,0100
VSCM 300,Computer Imaging III,0100
VSCM 330,Visual Communication IV,1010
VSCM 331,Visual Communication V,0101
VSCM 340,Typography III,1010
VSCM 350,Graphic Design 20th C & Beyond,0101
VSCM 360,Design on Site,0001
VSCM 430,Visual Communication VI,1000
VSCM 440,Book Design,1000
VSCM 450,Professional Portfolio,0110
VSCM 460,Professional Practice,0010
VSCM 477,Graphic Design Seminar,0010
VSCM 478,GDS: Adv Techniques,0111
VSCM 479,GDS: Adv Media,1111
VSCM 480,GDS: Design Perceptions,0011
VSCM 485,Annual Report Design,0100
VSCM 496,Senior Thesis Graphic Design,0110
VSST 101,Design I,1110
VSST 102,Design II,1110
VSST 103,Design III,1110
VSST 104,Accelerated Design I,0001
VSST 105,Accelerated Design II,0001
VSST 106,Accelerated Design III,0001
VSST 108,Design I for Media,1100
VSST 109,Design II for Media,0110
VSST 110,Introductory Drawing,1111
VSST 111,Figure Drawing I,1111
VSST 112,Figure Drawing II,0010
VSST 201,Multimedia: Performance,1111
VSST 202,Multimedia: Space,1111
VSST 203,Multimedia: Materials,1111
VSST 204,Materials Exploration,1000
VSST 301,Painting I,1111
VSST 302,Painting II,1110
VSST 303,Painting III,0110
VSST 311,Sculpture I,1111
VSST 312,Sculpture II,1111
VSST 313,Sculpture III,1010
VSST 321,Screenprint I,1111
VSST 322,Printmaking I,1100
VSST 323,Printmaking II,1100
VSST 324,Advanced Printmaking,0010
VSST 325,Screenprint II,1100
WMGD 210,Motion Graphics I,1010
WMGD 220,Web Graphics,0101
WMGD 320,Storyboarding,1000
WMGD 421,Motion Graphics II,1000
WMGD 496,Senior Thesis in WMGD,0110
WMST 101,Intro Women's Studies,1111
WMST 240,Women/Society Global Context,1010
WMST 250,African American Herstories,0100
WMST 275,Women's Health & Human Rights,0100
WMST 301,Seminar in Feminist Theory,0000
WMST 308,Queer Theory,0000
WMST 320,Masculinities,0000
WRIT 210,Writing & Peer Tutoring Wkshop,0000
WRIT 220,Creative Nonfiction Writing,0000
WRIT 225,Creative Writing,0000
WRIT 301,Writing Poetry,0000
WRIT 302,Writing Fiction,0100
WRIT 303,Writing Humor and Comedy,0000
WRIT 304,Special Topics in Writing,0000
WRIT 306,Writing About the Media,0000
WRIT 310,Literary Editing & Publication,0000
WRIT 312,Practice of Prof'l Writing,0000
WRIT 400,Writing in Cyberspace,0000
WRIT 405,Intern in Literary Publishing,1111
WRIT 302,Writing Fiction,0100
WRIT 303,Writing Humor and Comedy,0000
WRIT 304,Special Topics in Writing,0000
WRIT 306,Writing About the Media,0000
WRIT 310,Literary Editing & Publication,0000
WRIT 312,Practice of Prof'l Writing,0000
WRIT 400,Writing in Cyberspace,0000
WRIT 405,Intern in Literary Publishing,1111